name,category,sprite_w,sprite_h,footprint_tiles,held_overlay,door,weight_lb,notes
Club,weapon,24,6,-,24,YES,2,"sprite at 1 px/inch (12 px/ft); Sizing provenance: dimensions without an explicit SRD source in this row are real-world/art estimates, not SRD measurements"
Dagger,weapon,12,4,-,12,YES,1,"sprite at 1 px/inch (12 px/ft); Sizing provenance: dimensions without an explicit SRD source in this row are real-world/art estimates, not SRD measurements"
Greatclub,weapon,36,8,-,36,YES,10,"sprite at 1 px/inch (12 px/ft); Sizing provenance: dimensions without an explicit SRD source in this row are real-world/art estimates, not SRD measurements"
Handaxe,weapon,18,8,-,18,YES,2,"sprite at 1 px/inch (12 px/ft); Sizing provenance: dimensions without an explicit SRD source in this row are real-world/art estimates, not SRD measurements"
Javelin,weapon,60,4,-,60,TILT,2,"sprite at 1 px/inch (12 px/ft); Sizing provenance: dimensions without an explicit SRD source in this row are real-world/art estimates, not SRD measurements"
Light hammer,weapon,18,6,-,18,YES,2,"sprite at 1 px/inch (12 px/ft); Sizing provenance: dimensions without an explicit SRD source in this row are real-world/art estimates, not SRD measurements"
Mace,weapon,30,8,-,30,YES,4,"sprite at 1 px/inch (12 px/ft); Sizing provenance: dimensions without an explicit SRD source in this row are real-world/art estimates, not SRD measurements"
Quarterstaff,weapon,72,4,-,72,TILT,4,"sprite at 1 px/inch (12 px/ft); Sizing provenance: dimensions without an explicit SRD source in this row are real-world/art estimates, not SRD measurements"
Sickle,weapon,18,10,-,18,YES,2,"sprite at 1 px/inch (12 px/ft); Sizing provenance: dimensions without an explicit SRD source in this row are real-world/art estimates, not SRD measurements"
Spear,weapon,72,4,-,72,TILT,3,"sprite at 1 px/inch (12 px/ft); Sizing provenance: dimensions without an explicit SRD source in this row are real-world/art estimates, not SRD measurements"
"Crossbow, light",weapon,30,24,-,30,YES,5,"sprite at 1 px/inch (12 px/ft); sprite = length x stock/limb width; Sizing provenance: dimensions without an explicit SRD source in this row are real-world/art estimates, not SRD measurements"
Dart,weapon,8,2,-,8,YES,0.25,"sprite at 1 px/inch (12 px/ft); Sizing provenance: dimensions without an explicit SRD source in this row are real-world/art estimates, not SRD measurements"
Shortbow,weapon,48,12,-,48,YES,2,"sprite at 1 px/inch (12 px/ft); Sizing provenance: dimensions without an explicit SRD source in this row are real-world/art estimates, not SRD measurements"
Sling,weapon,24,4,-,24,YES,,"sprite at 1 px/inch (12 px/ft); SRD weight —; Sizing provenance: dimensions without an explicit SRD source in this row are real-world/art estimates, not SRD measurements"
Battleaxe,weapon,36,12,-,36,YES,4,"sprite at 1 px/inch (12 px/ft); Sizing provenance: dimensions without an explicit SRD source in this row are real-world/art estimates, not SRD measurements"
Flail,weapon,36,8,-,36,YES,2,"sprite at 1 px/inch (12 px/ft); Sizing provenance: dimensions without an explicit SRD source in this row are real-world/art estimates, not SRD measurements"
Glaive,weapon,84,8,-,84,TILT,6,"sprite at 1 px/inch (12 px/ft); Sizing provenance: dimensions without an explicit SRD source in this row are real-world/art estimates, not SRD measurements"
Greataxe,weapon,48,16,-,48,YES,7,"sprite at 1 px/inch (12 px/ft); Sizing provenance: dimensions without an explicit SRD source in this row are real-world/art estimates, not SRD measurements"
Greatsword,weapon,48,8,-,48,YES,6,"sprite at 1 px/inch (12 px/ft); Sizing provenance: dimensions without an explicit SRD source in this row are real-world/art estimates, not SRD measurements"
Halberd,weapon,84,12,-,84,TILT,6,"sprite at 1 px/inch (12 px/ft); Sizing provenance: dimensions without an explicit SRD source in this row are real-world/art estimates, not SRD measurements"
Lance,weapon,96,6,-,96,TILT,6,"sprite at 1 px/inch (12 px/ft); Owner range 72-96; used mounted; Sizing provenance: dimensions without an explicit SRD source in this row are real-world/art estimates, not SRD measurements"
Longsword,weapon,36,6,-,36,YES,3,"sprite at 1 px/inch (12 px/ft); Sizing provenance: dimensions without an explicit SRD source in this row are real-world/art estimates, not SRD measurements"
Maul,weapon,48,12,-,48,YES,10,"sprite at 1 px/inch (12 px/ft); Sizing provenance: dimensions without an explicit SRD source in this row are real-world/art estimates, not SRD measurements"
Morningstar,weapon,36,8,-,36,YES,4,"sprite at 1 px/inch (12 px/ft); Sizing provenance: dimensions without an explicit SRD source in this row are real-world/art estimates, not SRD measurements"
Pike,weapon,96,4,-,96,TILT,18,"sprite at 1 px/inch (12 px/ft); Owner range 72-96; carried upright through doors; Sizing provenance: dimensions without an explicit SRD source in this row are real-world/art estimates, not SRD measurements"
Rapier,weapon,36,6,-,36,YES,2,"sprite at 1 px/inch (12 px/ft); Sizing provenance: dimensions without an explicit SRD source in this row are real-world/art estimates, not SRD measurements"
Scimitar,weapon,36,8,-,36,YES,3,"sprite at 1 px/inch (12 px/ft); Sizing provenance: dimensions without an explicit SRD source in this row are real-world/art estimates, not SRD measurements"
Shortsword,weapon,24,6,-,24,YES,2,"sprite at 1 px/inch (12 px/ft); Sizing provenance: dimensions without an explicit SRD source in this row are real-world/art estimates, not SRD measurements"
Trident,weapon,60,10,-,60,TILT,4,"sprite at 1 px/inch (12 px/ft); Sizing provenance: dimensions without an explicit SRD source in this row are real-world/art estimates, not SRD measurements"
War pick,weapon,36,12,-,36,YES,2,"sprite at 1 px/inch (12 px/ft); Sizing provenance: dimensions without an explicit SRD source in this row are real-world/art estimates, not SRD measurements"
Warhammer,weapon,36,10,-,36,YES,2,"sprite at 1 px/inch (12 px/ft); Sizing provenance: dimensions without an explicit SRD source in this row are real-world/art estimates, not SRD measurements"
Whip,weapon,24,24,-,36,YES,3,"sprite at 1 px/inch (12 px/ft); sprite = coiled whip; lash extends to 10 ft reach (120 px) in attack animation; Sizing provenance: dimensions without an explicit SRD source in this row are real-world/art estimates, not SRD measurements"
Blowgun,weapon,24,2,-,24,YES,1,"sprite at 1 px/inch (12 px/ft); Sizing provenance: dimensions without an explicit SRD source in this row are real-world/art estimates, not SRD measurements"
"Crossbow, hand",weapon,12,12,-,12,YES,3,"sprite at 1 px/inch (12 px/ft); Sizing provenance: dimensions without an explicit SRD source in this row are real-world/art estimates, not SRD measurements"
"Crossbow, heavy",weapon,42,30,-,42,YES,18,"sprite at 1 px/inch (12 px/ft); Sizing provenance: dimensions without an explicit SRD source in this row are real-world/art estimates, not SRD measurements"
Longbow,weapon,72,12,-,72,TILT,2,"sprite at 1 px/inch (12 px/ft); Sizing provenance: dimensions without an explicit SRD source in this row are real-world/art estimates, not SRD measurements"
Net,weapon,36,36,-,36,YES,3,"sprite at 1 px/inch (12 px/ft); folded net; spread net ~5 ft (one tile) when thrown; Sizing provenance: dimensions without an explicit SRD source in this row are real-world/art estimates, not SRD measurements"
Arrows (20),ammunition,30,2,-,,YES,1,"single arrow 30x2; quiver bundle ~30x8; Sizing provenance: dimensions without an explicit SRD source in this row are real-world/art estimates, not SRD measurements"
Blowgun needles (50),ammunition,3,1,-,,YES,1,"single needle; bundle in pouch; Sizing provenance: dimensions without an explicit SRD source in this row are real-world/art estimates, not SRD measurements"
Crossbow bolts (20),ammunition,14,2,-,,YES,1.5,"single bolt 14x2; Sizing provenance: dimensions without an explicit SRD source in this row are real-world/art estimates, not SRD measurements"
Sling bullets (20),ammunition,2,2,-,,YES,1.5,"single bullet; 20 in pouch; Sizing provenance: dimensions without an explicit SRD source in this row are real-world/art estimates, not SRD measurements"
Padded,armor,24,30,-,,YES,8,"sprite = folded/laid-out suit; worn appearance is a paper-doll layer on the race canvas; on an armor stand use the stand 24x72; Sizing provenance: dimensions without an explicit SRD source in this row are real-world/art estimates, not SRD measurements"
Leather,armor,24,30,-,,YES,10,"sprite = folded/laid-out suit; worn appearance is a paper-doll layer on the race canvas; on an armor stand use the stand 24x72; Sizing provenance: dimensions without an explicit SRD source in this row are real-world/art estimates, not SRD measurements"
Studded leather,armor,24,30,-,,YES,13,"sprite = folded/laid-out suit; worn appearance is a paper-doll layer on the race canvas; on an armor stand use the stand 24x72; Sizing provenance: dimensions without an explicit SRD source in this row are real-world/art estimates, not SRD measurements"
Hide,armor,24,30,-,,YES,12,"sprite = folded/laid-out suit; worn appearance is a paper-doll layer on the race canvas; on an armor stand use the stand 24x72; Sizing provenance: dimensions without an explicit SRD source in this row are real-world/art estimates, not SRD measurements"
Chain shirt,armor,24,30,-,,YES,20,"sprite = folded/laid-out suit; worn appearance is a paper-doll layer on the race canvas; on an armor stand use the stand 24x72; Sizing provenance: dimensions without an explicit SRD source in this row are real-world/art estimates, not SRD measurements"
Scale mail,armor,24,30,-,,YES,45,"sprite = folded/laid-out suit; worn appearance is a paper-doll layer on the race canvas; on an armor stand use the stand 24x72; Sizing provenance: dimensions without an explicit SRD source in this row are real-world/art estimates, not SRD measurements"
Breastplate,armor,24,30,-,,YES,20,"sprite = folded/laid-out suit; worn appearance is a paper-doll layer on the race canvas; on an armor stand use the stand 24x72; Sizing provenance: dimensions without an explicit SRD source in this row are real-world/art estimates, not SRD measurements"
Half plate,armor,24,30,-,,YES,40,"sprite = folded/laid-out suit; worn appearance is a paper-doll layer on the race canvas; on an armor stand use the stand 24x72; Sizing provenance: dimensions without an explicit SRD source in this row are real-world/art estimates, not SRD measurements"
Ring mail,armor,24,30,-,,YES,40,"sprite = folded/laid-out suit; worn appearance is a paper-doll layer on the race canvas; on an armor stand use the stand 24x72; Sizing provenance: dimensions without an explicit SRD source in this row are real-world/art estimates, not SRD measurements"
Chain mail,armor,24,30,-,,YES,55,"sprite = folded/laid-out suit; worn appearance is a paper-doll layer on the race canvas; on an armor stand use the stand 24x72; Sizing provenance: dimensions without an explicit SRD source in this row are real-world/art estimates, not SRD measurements"
Splint,armor,24,30,-,,YES,60,"sprite = folded/laid-out suit; worn appearance is a paper-doll layer on the race canvas; on an armor stand use the stand 24x72; Sizing provenance: dimensions without an explicit SRD source in this row are real-world/art estimates, not SRD measurements"
Plate,armor,24,30,-,,YES,65,"sprite = folded/laid-out suit; worn appearance is a paper-doll layer on the race canvas; on an armor stand use the stand 24x72; Sizing provenance: dimensions without an explicit SRD source in this row are real-world/art estimates, not SRD measurements"
Shield,shield,24,30,-,30,YES,6,"held overlay = 30 px tall shield on 48x72 human (about 2.5 ft); Sizing provenance: dimensions without an explicit SRD source in this row are real-world/art estimates, not SRD measurements"
Barding (any armor),tack,36,36,-,,YES,x2 armor,"SRD: cost x4, weight x2 of the equivalent armor; worn layer on mount canvas; Sizing provenance: dimensions without an explicit SRD source in this row are real-world/art estimates, not SRD measurements"
Abacus,adventuring_gear,12,8,-,,YES,2,"sprite 1 px/inch; Sizing provenance: dimensions without an explicit SRD source in this row are real-world/art estimates, not SRD measurements"
Acid (vial),adventuring_gear,4,8,-,,YES,1,"sprite 1 px/inch; Sizing provenance: dimensions without an explicit SRD source in this row are real-world/art estimates, not SRD measurements"
Alchemist's fire (flask),adventuring_gear,6,8,-,,YES,1,"sprite 1 px/inch; Sizing provenance: dimensions without an explicit SRD source in this row are real-world/art estimates, not SRD measurements"
Antitoxin (vial),adventuring_gear,4,8,-,,YES,,"sprite 1 px/inch; Sizing provenance: dimensions without an explicit SRD source in this row are real-world/art estimates, not SRD measurements"
Arcane focus: crystal,adventuring_gear,6,8,-,,YES,1,"sprite 1 px/inch; Sizing provenance: dimensions without an explicit SRD source in this row are real-world/art estimates, not SRD measurements"
Arcane focus: orb,adventuring_gear,8,8,-,,YES,3,"sprite 1 px/inch; Sizing provenance: dimensions without an explicit SRD source in this row are real-world/art estimates, not SRD measurements"
Arcane focus: rod,adventuring_gear,24,3,-,,YES,2,"sprite 1 px/inch; Sizing provenance: dimensions without an explicit SRD source in this row are real-world/art estimates, not SRD measurements"
Arcane focus: staff,adventuring_gear,72,4,-,,TILT,4,"sprite 1 px/inch; held 72 like quarterstaff; Sizing provenance: dimensions without an explicit SRD source in this row are real-world/art estimates, not SRD measurements"
Arcane focus: wand,adventuring_gear,12,2,-,,YES,1,"sprite 1 px/inch; Sizing provenance: dimensions without an explicit SRD source in this row are real-world/art estimates, not SRD measurements"
Backpack,adventuring_gear,18,24,-,,YES,5,"sprite 1 px/inch; container; Sizing provenance: dimensions without an explicit SRD source in this row are real-world/art estimates, not SRD measurements"
"Ball bearings (bag of 1,000)",adventuring_gear,8,8,-,,YES,2,"sprite 1 px/inch; bag; scattered they cover a 10-ft square; Sizing provenance: dimensions without an explicit SRD source in this row are real-world/art estimates, not SRD measurements"
Barrel,adventuring_gear,24,36,1x1,,YES,70,"sprite 1 px/inch; container; furniture-capable (1x1); Sizing provenance: dimensions without an explicit SRD source in this row are real-world/art estimates, not SRD measurements"
Basket,adventuring_gear,18,12,-,,YES,2,"sprite 1 px/inch; container; Sizing provenance: dimensions without an explicit SRD source in this row are real-world/art estimates, not SRD measurements"
Bedroll,adventuring_gear,36,10,-,,YES,7,"sprite 1 px/inch; rolled; laid out 30x72 (sleeping spot, 1x2); Sizing provenance: dimensions without an explicit SRD source in this row are real-world/art estimates, not SRD measurements"
Bell,adventuring_gear,4,4,-,,YES,,"sprite 1 px/inch; Sizing provenance: dimensions without an explicit SRD source in this row are real-world/art estimates, not SRD measurements"
Blanket,adventuring_gear,24,6,-,,YES,3,"sprite 1 px/inch; folded; spread ~60x72; Sizing provenance: dimensions without an explicit SRD source in this row are real-world/art estimates, not SRD measurements"
Block and tackle,adventuring_gear,12,12,-,,YES,5,"sprite 1 px/inch; Sizing provenance: dimensions without an explicit SRD source in this row are real-world/art estimates, not SRD measurements"
Book,adventuring_gear,8,12,-,,YES,5,"sprite 1 px/inch; Sizing provenance: dimensions without an explicit SRD source in this row are real-world/art estimates, not SRD measurements"
"Bottle, glass",adventuring_gear,4,12,-,,YES,2,"sprite 1 px/inch; container; Sizing provenance: dimensions without an explicit SRD source in this row are real-world/art estimates, not SRD measurements"
Bucket,adventuring_gear,12,12,-,,YES,2,"sprite 1 px/inch; container; Sizing provenance: dimensions without an explicit SRD source in this row are real-world/art estimates, not SRD measurements"
Caltrops (bag of 20),adventuring_gear,8,8,-,,YES,2,"sprite 1 px/inch; scattered: covers 5-ft square (1 tile); Sizing provenance: dimensions without an explicit SRD source in this row are real-world/art estimates, not SRD measurements"
Candle,adventuring_gear,2,8,-,,YES,,"sprite 1 px/inch; Sizing provenance: dimensions without an explicit SRD source in this row are real-world/art estimates, not SRD measurements"
"Case, crossbow bolt",adventuring_gear,6,16,-,,YES,1,"sprite 1 px/inch; container (20 bolts); Sizing provenance: dimensions without an explicit SRD source in this row are real-world/art estimates, not SRD measurements"
"Case, map or scroll",adventuring_gear,4,24,-,,YES,1,"sprite 1 px/inch; container; Sizing provenance: dimensions without an explicit SRD source in this row are real-world/art estimates, not SRD measurements"
Chain (10 feet),adventuring_gear,12,8,-,,YES,10,"sprite 1 px/inch; coiled; stretched 120 px; Sizing provenance: dimensions without an explicit SRD source in this row are real-world/art estimates, not SRD measurements"
Chalk (1 piece),adventuring_gear,3,1,-,,YES,,"sprite 1 px/inch; Sizing provenance: dimensions without an explicit SRD source in this row are real-world/art estimates, not SRD measurements"
Chest,adventuring_gear,36,24,1x1,,YES,25,"sprite 1 px/inch; container; furniture-capable (1x1); Sizing provenance: dimensions without an explicit SRD source in this row are real-world/art estimates, not SRD measurements"
Climber's kit,adventuring_gear,12,12,-,,YES,12,"sprite 1 px/inch; Sizing provenance: dimensions without an explicit SRD source in this row are real-world/art estimates, not SRD measurements"
"Clothes, common",adventuring_gear,18,12,-,,YES,3,"sprite 1 px/inch; folded; Sizing provenance: dimensions without an explicit SRD source in this row are real-world/art estimates, not SRD measurements"
"Clothes, costume",adventuring_gear,18,12,-,,YES,4,"sprite 1 px/inch; folded; Sizing provenance: dimensions without an explicit SRD source in this row are real-world/art estimates, not SRD measurements"
"Clothes, fine",adventuring_gear,18,12,-,,YES,6,"sprite 1 px/inch; folded; Sizing provenance: dimensions without an explicit SRD source in this row are real-world/art estimates, not SRD measurements"
"Clothes, traveler's",adventuring_gear,18,12,-,,YES,4,"sprite 1 px/inch; folded; Sizing provenance: dimensions without an explicit SRD source in this row are real-world/art estimates, not SRD measurements"
Component pouch,adventuring_gear,6,6,-,,YES,2,"sprite 1 px/inch; container; Sizing provenance: dimensions without an explicit SRD source in this row are real-world/art estimates, not SRD measurements"
Crowbar,adventuring_gear,24,3,-,,YES,5,"sprite 1 px/inch; held 24; Sizing provenance: dimensions without an explicit SRD source in this row are real-world/art estimates, not SRD measurements"
Druidic focus: sprig of mistletoe,adventuring_gear,6,4,-,,YES,,"sprite 1 px/inch; Sizing provenance: dimensions without an explicit SRD source in this row are real-world/art estimates, not SRD measurements"
Druidic focus: totem,adventuring_gear,6,10,-,,YES,,"sprite 1 px/inch; Sizing provenance: dimensions without an explicit SRD source in this row are real-world/art estimates, not SRD measurements"
Druidic focus: wooden staff,adventuring_gear,72,4,-,,TILT,4,"sprite 1 px/inch; held 72; Sizing provenance: dimensions without an explicit SRD source in this row are real-world/art estimates, not SRD measurements"
Druidic focus: yew wand,adventuring_gear,12,2,-,,YES,1,"sprite 1 px/inch; Sizing provenance: dimensions without an explicit SRD source in this row are real-world/art estimates, not SRD measurements"
Fishing tackle,adventuring_gear,48,6,-,,YES,4,"sprite 1 px/inch; rod + tackle; Sizing provenance: dimensions without an explicit SRD source in this row are real-world/art estimates, not SRD measurements"
Flask or tankard,adventuring_gear,4,6,-,,YES,1,"sprite 1 px/inch; container; Sizing provenance: dimensions without an explicit SRD source in this row are real-world/art estimates, not SRD measurements"
Grappling hook,adventuring_gear,12,12,-,,YES,4,"sprite 1 px/inch; Sizing provenance: dimensions without an explicit SRD source in this row are real-world/art estimates, not SRD measurements"
Hammer,adventuring_gear,12,4,-,,YES,3,"sprite 1 px/inch; Sizing provenance: dimensions without an explicit SRD source in this row are real-world/art estimates, not SRD measurements"
"Hammer, sledge",adventuring_gear,36,8,-,,YES,10,"sprite 1 px/inch; held 36; Sizing provenance: dimensions without an explicit SRD source in this row are real-world/art estimates, not SRD measurements"
Healer's kit,adventuring_gear,12,8,-,,YES,3,"sprite 1 px/inch; Sizing provenance: dimensions without an explicit SRD source in this row are real-world/art estimates, not SRD measurements"
Holy symbol: amulet,adventuring_gear,3,3,-,,YES,1,"sprite 1 px/inch; Sizing provenance: dimensions without an explicit SRD source in this row are real-world/art estimates, not SRD measurements"
Holy symbol: emblem,adventuring_gear,3,3,-,,YES,,"sprite 1 px/inch; Sizing provenance: dimensions without an explicit SRD source in this row are real-world/art estimates, not SRD measurements"
Holy symbol: reliquary,adventuring_gear,6,8,-,,YES,2,"sprite 1 px/inch; Sizing provenance: dimensions without an explicit SRD source in this row are real-world/art estimates, not SRD measurements"
Holy water (flask),adventuring_gear,4,8,-,,YES,1,"sprite 1 px/inch; Sizing provenance: dimensions without an explicit SRD source in this row are real-world/art estimates, not SRD measurements"
Hourglass,adventuring_gear,4,8,-,,YES,1,"sprite 1 px/inch; Sizing provenance: dimensions without an explicit SRD source in this row are real-world/art estimates, not SRD measurements"
Hunting trap,adventuring_gear,18,18,-,,YES,25,"sprite 1 px/inch; set trap fills part of a tile; chain ~3 ft (SRD); Sizing provenance: dimensions without an explicit SRD source in this row are real-world/art estimates, not SRD measurements"
Ink (1 ounce bottle),adventuring_gear,2,3,-,,YES,,"sprite 1 px/inch; Sizing provenance: dimensions without an explicit SRD source in this row are real-world/art estimates, not SRD measurements"
Ink pen,adventuring_gear,6,1,-,,YES,,"sprite 1 px/inch; Sizing provenance: dimensions without an explicit SRD source in this row are real-world/art estimates, not SRD measurements"
Jug or pitcher,adventuring_gear,8,10,-,,YES,4,"sprite 1 px/inch; container; Sizing provenance: dimensions without an explicit SRD source in this row are real-world/art estimates, not SRD measurements"
Ladder (10-foot),adventuring_gear,18,120,1x3 (lying) / 1x1 (leaning),,TILT,25,"sprite 1 px/inch; standing/leaning 18x120; lying 120x18 (footprint 1x3 when placed); Sizing provenance: dimensions without an explicit SRD source in this row are real-world/art estimates, not SRD measurements"
Lamp,adventuring_gear,6,4,-,,YES,1,"sprite 1 px/inch; Sizing provenance: dimensions without an explicit SRD source in this row are real-world/art estimates, not SRD measurements"
"Lantern, bullseye",adventuring_gear,6,10,-,,YES,2,"sprite 1 px/inch; Sizing provenance: dimensions without an explicit SRD source in this row are real-world/art estimates, not SRD measurements"
"Lantern, hooded",adventuring_gear,6,10,-,,YES,2,"sprite 1 px/inch; Sizing provenance: dimensions without an explicit SRD source in this row are real-world/art estimates, not SRD measurements"
Lock,adventuring_gear,3,4,-,,YES,1,"sprite 1 px/inch; Sizing provenance: dimensions without an explicit SRD source in this row are real-world/art estimates, not SRD measurements"
Magnifying glass,adventuring_gear,3,5,-,,YES,,"sprite 1 px/inch; Sizing provenance: dimensions without an explicit SRD source in this row are real-world/art estimates, not SRD measurements"
Manacles,adventuring_gear,8,4,-,,YES,6,"sprite 1 px/inch; Sizing provenance: dimensions without an explicit SRD source in this row are real-world/art estimates, not SRD measurements"
Mess kit,adventuring_gear,6,3,-,,YES,1,"sprite 1 px/inch; Sizing provenance: dimensions without an explicit SRD source in this row are real-world/art estimates, not SRD measurements"
"Mirror, steel",adventuring_gear,4,6,-,,YES,0.5,"sprite 1 px/inch; Sizing provenance: dimensions without an explicit SRD source in this row are real-world/art estimates, not SRD measurements"
Oil (flask),adventuring_gear,4,6,-,,YES,1,"sprite 1 px/inch; Sizing provenance: dimensions without an explicit SRD source in this row are real-world/art estimates, not SRD measurements"
Paper (one sheet),adventuring_gear,9,12,-,,YES,,"sprite 1 px/inch; Sizing provenance: dimensions without an explicit SRD source in this row are real-world/art estimates, not SRD measurements"
Parchment (one sheet),adventuring_gear,9,12,-,,YES,,"sprite 1 px/inch; Sizing provenance: dimensions without an explicit SRD source in this row are real-world/art estimates, not SRD measurements"
Perfume (vial),adventuring_gear,2,4,-,,YES,,"sprite 1 px/inch; Sizing provenance: dimensions without an explicit SRD source in this row are real-world/art estimates, not SRD measurements"
"Pick, miner's",adventuring_gear,36,18,-,,YES,10,"sprite 1 px/inch; held 36; Sizing provenance: dimensions without an explicit SRD source in this row are real-world/art estimates, not SRD measurements"
Piton,adventuring_gear,6,1,-,,YES,0.25,"sprite 1 px/inch; Sizing provenance: dimensions without an explicit SRD source in this row are real-world/art estimates, not SRD measurements"
"Poison, basic (vial)",adventuring_gear,2,4,-,,YES,,"sprite 1 px/inch; Sizing provenance: dimensions without an explicit SRD source in this row are real-world/art estimates, not SRD measurements"
Pole (10-foot),adventuring_gear,120,2,-,,TILT,7,"sprite 1 px/inch; TILT; 10 ft at 12 px/ft; Sizing provenance: dimensions without an explicit SRD source in this row are real-world/art estimates, not SRD measurements"
"Pot, iron",adventuring_gear,12,10,-,,YES,10,"sprite 1 px/inch; container; cooking pot; Sizing provenance: dimensions without an explicit SRD source in this row are real-world/art estimates, not SRD measurements"
Potion of healing,adventuring_gear,8,12,-,,YES,0.5,"sprite 1 px/inch; Owner example size 8x12; Sizing provenance: dimensions without an explicit SRD source in this row are real-world/art estimates, not SRD measurements"
Pouch,adventuring_gear,6,6,-,,YES,1,"sprite 1 px/inch; container; Sizing provenance: dimensions without an explicit SRD source in this row are real-world/art estimates, not SRD measurements"
Quiver,adventuring_gear,8,30,-,,YES,1,"sprite 1 px/inch; container (20 arrows); Sizing provenance: dimensions without an explicit SRD source in this row are real-world/art estimates, not SRD measurements"
"Ram, portable",adventuring_gear,48,10,-,,YES,35,"sprite 1 px/inch; two-person carried log; held 48; Sizing provenance: dimensions without an explicit SRD source in this row are real-world/art estimates, not SRD measurements"
Rations (1 day),adventuring_gear,6,4,-,,YES,2,"sprite 1 px/inch; Sizing provenance: dimensions without an explicit SRD source in this row are real-world/art estimates, not SRD measurements"
Robes,adventuring_gear,18,12,-,,YES,4,"sprite 1 px/inch; folded; Sizing provenance: dimensions without an explicit SRD source in this row are real-world/art estimates, not SRD measurements"
"Rope, hempen (50 feet)",adventuring_gear,12,8,-,,YES,10,"sprite 1 px/inch; coiled; Sizing provenance: dimensions without an explicit SRD source in this row are real-world/art estimates, not SRD measurements"
"Rope, silk (50 feet)",adventuring_gear,12,6,-,,YES,5,"sprite 1 px/inch; coiled; Sizing provenance: dimensions without an explicit SRD source in this row are real-world/art estimates, not SRD measurements"
Sack,adventuring_gear,18,24,-,,YES,0.5,"sprite 1 px/inch; container; Sizing provenance: dimensions without an explicit SRD source in this row are real-world/art estimates, not SRD measurements"
"Scale, merchant's",adventuring_gear,12,10,-,,YES,3,"sprite 1 px/inch; Sizing provenance: dimensions without an explicit SRD source in this row are real-world/art estimates, not SRD measurements"
Sealing wax,adventuring_gear,3,2,-,,YES,,"sprite 1 px/inch; Sizing provenance: dimensions without an explicit SRD source in this row are real-world/art estimates, not SRD measurements"
Shovel,adventuring_gear,48,8,-,,YES,5,"sprite 1 px/inch; held 48; Sizing provenance: dimensions without an explicit SRD source in this row are real-world/art estimates, not SRD measurements"
Signal whistle,adventuring_gear,3,1,-,,YES,,"sprite 1 px/inch; Sizing provenance: dimensions without an explicit SRD source in this row are real-world/art estimates, not SRD measurements"
Signet ring,adventuring_gear,4,4,-,,YES,,"sprite 1 px/inch; Owner: ring ~4-8 px; Sizing provenance: dimensions without an explicit SRD source in this row are real-world/art estimates, not SRD measurements"
Soap,adventuring_gear,3,2,-,,YES,,"sprite 1 px/inch; Sizing provenance: dimensions without an explicit SRD source in this row are real-world/art estimates, not SRD measurements"
Spellbook,adventuring_gear,10,12,-,,YES,3,"sprite 1 px/inch; Sizing provenance: dimensions without an explicit SRD source in this row are real-world/art estimates, not SRD measurements"
"Spikes, iron (10)",adventuring_gear,6,1,-,,YES,5,"sprite 1 px/inch; single spike; Sizing provenance: dimensions without an explicit SRD source in this row are real-world/art estimates, not SRD measurements"
Spyglass,adventuring_gear,12,2,-,,YES,1,"sprite 1 px/inch; Sizing provenance: dimensions without an explicit SRD source in this row are real-world/art estimates, not SRD measurements"
"Tent, two-person",adventuring_gear,84,60,2x1,,NO,20,"sprite 1 px/inch; pitched tent furniture 84x60, footprint 2x1; packed 24x8; Sizing provenance: dimensions without an explicit SRD source in this row are real-world/art estimates, not SRD measurements"
Tinderbox,adventuring_gear,4,3,-,,YES,1,"sprite 1 px/inch; Sizing provenance: dimensions without an explicit SRD source in this row are real-world/art estimates, not SRD measurements"
Torch,adventuring_gear,18,3,-,,YES,1,"sprite 1 px/inch; held 18; light source; Sizing provenance: dimensions without an explicit SRD source in this row are real-world/art estimates, not SRD measurements"
Vial,adventuring_gear,2,4,-,,YES,,"sprite 1 px/inch; container; Sizing provenance: dimensions without an explicit SRD source in this row are real-world/art estimates, not SRD measurements"
Waterskin,adventuring_gear,8,12,-,,YES,5,"sprite 1 px/inch; container; 5 lb when full; Sizing provenance: dimensions without an explicit SRD source in this row are real-world/art estimates, not SRD measurements"
Whetstone,adventuring_gear,4,2,-,,YES,1,"sprite 1 px/inch; Sizing provenance: dimensions without an explicit SRD source in this row are real-world/art estimates, not SRD measurements"
Coin (cp/sp/ep/gp/pp),adventuring_gear,4,4,-,,YES,0.02,"sprite 1 px/inch; SRD: 50 coins = 1 lb; single coin 4 px, piles drawn larger; Sizing provenance: dimensions without an explicit SRD source in this row are real-world/art estimates, not SRD measurements"
Burglar's Pack,equipment_pack,18,24,-,,YES,,"bundle: uses the Backpack sprite filled with its listed contents; weight = sum of contents (SRD gives no pack weight); Sizing provenance: dimensions without an explicit SRD source in this row are real-world/art estimates, not SRD measurements"
Diplomat's Pack,equipment_pack,36,24,1x1,,YES,,"bundle: uses the Chest sprite filled with its listed contents; weight = sum of contents (SRD gives no pack weight); Sizing provenance: dimensions without an explicit SRD source in this row are real-world/art estimates, not SRD measurements"
Dungeoneer's Pack,equipment_pack,18,24,-,,YES,,"bundle: uses the Backpack sprite filled with its listed contents; weight = sum of contents (SRD gives no pack weight); Sizing provenance: dimensions without an explicit SRD source in this row are real-world/art estimates, not SRD measurements"
Entertainer's Pack,equipment_pack,18,24,-,,YES,,"bundle: uses the Backpack sprite filled with its listed contents; weight = sum of contents (SRD gives no pack weight); Sizing provenance: dimensions without an explicit SRD source in this row are real-world/art estimates, not SRD measurements"
Explorer's Pack,equipment_pack,18,24,-,,YES,,"bundle: uses the Backpack sprite filled with its listed contents; weight = sum of contents (SRD gives no pack weight); Sizing provenance: dimensions without an explicit SRD source in this row are real-world/art estimates, not SRD measurements"
Priest's Pack,equipment_pack,18,24,-,,YES,,"bundle: uses the Backpack sprite filled with its listed contents; weight = sum of contents (SRD gives no pack weight); Sizing provenance: dimensions without an explicit SRD source in this row are real-world/art estimates, not SRD measurements"
Scholar's Pack,equipment_pack,18,24,-,,YES,,"bundle: uses the Backpack sprite filled with its listed contents; weight = sum of contents (SRD gives no pack weight); Sizing provenance: dimensions without an explicit SRD source in this row are real-world/art estimates, not SRD measurements"
Alchemist's supplies,tool (artisan),18,12,-,,YES,8,"tool roll/box sprite; workstation furniture (anvil, loom, kiln...) is a separate DEUS object, not SRD; Sizing provenance: dimensions without an explicit SRD source in this row are real-world/art estimates, not SRD measurements"
Brewer's supplies,tool (artisan),18,12,-,,YES,9,"tool roll/box sprite; workstation furniture (anvil, loom, kiln...) is a separate DEUS object, not SRD; Sizing provenance: dimensions without an explicit SRD source in this row are real-world/art estimates, not SRD measurements"
Calligrapher's supplies,tool (artisan),18,12,-,,YES,5,"tool roll/box sprite; workstation furniture (anvil, loom, kiln...) is a separate DEUS object, not SRD; Sizing provenance: dimensions without an explicit SRD source in this row are real-world/art estimates, not SRD measurements"
Carpenter's tools,tool (artisan),18,12,-,,YES,6,"tool roll/box sprite; workstation furniture (anvil, loom, kiln...) is a separate DEUS object, not SRD; Sizing provenance: dimensions without an explicit SRD source in this row are real-world/art estimates, not SRD measurements"
Cartographer's tools,tool (artisan),18,12,-,,YES,6,"tool roll/box sprite; workstation furniture (anvil, loom, kiln...) is a separate DEUS object, not SRD; Sizing provenance: dimensions without an explicit SRD source in this row are real-world/art estimates, not SRD measurements"
Cobbler's tools,tool (artisan),18,12,-,,YES,5,"tool roll/box sprite; workstation furniture (anvil, loom, kiln...) is a separate DEUS object, not SRD; Sizing provenance: dimensions without an explicit SRD source in this row are real-world/art estimates, not SRD measurements"
Cook's utensils,tool (artisan),18,12,-,,YES,8,"tool roll/box sprite; workstation furniture (anvil, loom, kiln...) is a separate DEUS object, not SRD; Sizing provenance: dimensions without an explicit SRD source in this row are real-world/art estimates, not SRD measurements"
Glassblower's tools,tool (artisan),18,12,-,,YES,5,"tool roll/box sprite; workstation furniture (anvil, loom, kiln...) is a separate DEUS object, not SRD; Sizing provenance: dimensions without an explicit SRD source in this row are real-world/art estimates, not SRD measurements"
Jeweler's tools,tool (artisan),18,12,-,,YES,2,"tool roll/box sprite; workstation furniture (anvil, loom, kiln...) is a separate DEUS object, not SRD; Sizing provenance: dimensions without an explicit SRD source in this row are real-world/art estimates, not SRD measurements"
Leatherworker's tools,tool (artisan),18,12,-,,YES,5,"tool roll/box sprite; workstation furniture (anvil, loom, kiln...) is a separate DEUS object, not SRD; Sizing provenance: dimensions without an explicit SRD source in this row are real-world/art estimates, not SRD measurements"
Mason's tools,tool (artisan),18,12,-,,YES,8,"tool roll/box sprite; workstation furniture (anvil, loom, kiln...) is a separate DEUS object, not SRD; Sizing provenance: dimensions without an explicit SRD source in this row are real-world/art estimates, not SRD measurements"
Painter's supplies,tool (artisan),18,12,-,,YES,5,"tool roll/box sprite; workstation furniture (anvil, loom, kiln...) is a separate DEUS object, not SRD; Sizing provenance: dimensions without an explicit SRD source in this row are real-world/art estimates, not SRD measurements"
Potter's tools,tool (artisan),18,12,-,,YES,3,"tool roll/box sprite; workstation furniture (anvil, loom, kiln...) is a separate DEUS object, not SRD; Sizing provenance: dimensions without an explicit SRD source in this row are real-world/art estimates, not SRD measurements"
Smith's tools,tool (artisan),18,12,-,,YES,8,"tool roll/box sprite; workstation furniture (anvil, loom, kiln...) is a separate DEUS object, not SRD; Sizing provenance: dimensions without an explicit SRD source in this row are real-world/art estimates, not SRD measurements"
Tinker's tools,tool (artisan),18,12,-,,YES,10,"tool roll/box sprite; workstation furniture (anvil, loom, kiln...) is a separate DEUS object, not SRD; Sizing provenance: dimensions without an explicit SRD source in this row are real-world/art estimates, not SRD measurements"
Weaver's tools,tool (artisan),18,12,-,,YES,5,"tool roll/box sprite; workstation furniture (anvil, loom, kiln...) is a separate DEUS object, not SRD; Sizing provenance: dimensions without an explicit SRD source in this row are real-world/art estimates, not SRD measurements"
Woodcarver's tools,tool (artisan),18,12,-,,YES,5,"tool roll/box sprite; workstation furniture (anvil, loom, kiln...) is a separate DEUS object, not SRD; Sizing provenance: dimensions without an explicit SRD source in this row are real-world/art estimates, not SRD measurements"
Disguise kit,tool (kit),12,8,-,,YES,3,"sprite 1 px/inch; Sizing provenance: dimensions without an explicit SRD source in this row are real-world/art estimates, not SRD measurements"
Forgery kit,tool (kit),12,8,-,,YES,5,"sprite 1 px/inch; Sizing provenance: dimensions without an explicit SRD source in this row are real-world/art estimates, not SRD measurements"
Dice set,tool (gaming set),4,4,-,,YES,,"sprite 1 px/inch; Sizing provenance: dimensions without an explicit SRD source in this row are real-world/art estimates, not SRD measurements"
Playing card set,tool (gaming set),4,6,-,,YES,,"sprite 1 px/inch; Sizing provenance: dimensions without an explicit SRD source in this row are real-world/art estimates, not SRD measurements"
Herbalism kit,tool (kit),12,8,-,,YES,3,"sprite 1 px/inch; Sizing provenance: dimensions without an explicit SRD source in this row are real-world/art estimates, not SRD measurements"
Bagpipes,tool (instrument),24,24,-,,YES,6,"sprite 1 px/inch; Sizing provenance: dimensions without an explicit SRD source in this row are real-world/art estimates, not SRD measurements"
Drum,tool (instrument),18,18,-,,YES,3,"sprite 1 px/inch; Sizing provenance: dimensions without an explicit SRD source in this row are real-world/art estimates, not SRD measurements"
Dulcimer,tool (instrument),30,12,-,,YES,10,"sprite 1 px/inch; Sizing provenance: dimensions without an explicit SRD source in this row are real-world/art estimates, not SRD measurements"
Flute,tool (instrument),18,2,-,,YES,1,"sprite 1 px/inch; Sizing provenance: dimensions without an explicit SRD source in this row are real-world/art estimates, not SRD measurements"
Lute,tool (instrument),30,12,-,,YES,2,"sprite 1 px/inch; Sizing provenance: dimensions without an explicit SRD source in this row are real-world/art estimates, not SRD measurements"
Lyre,tool (instrument),12,18,-,,YES,2,"sprite 1 px/inch; Sizing provenance: dimensions without an explicit SRD source in this row are real-world/art estimates, not SRD measurements"
Horn,tool (instrument),12,6,-,,YES,2,"sprite 1 px/inch; Sizing provenance: dimensions without an explicit SRD source in this row are real-world/art estimates, not SRD measurements"
Pan flute,tool (instrument),8,6,-,,YES,2,"sprite 1 px/inch; Sizing provenance: dimensions without an explicit SRD source in this row are real-world/art estimates, not SRD measurements"
Shawm,tool (instrument),24,3,-,,YES,1,"sprite 1 px/inch; Sizing provenance: dimensions without an explicit SRD source in this row are real-world/art estimates, not SRD measurements"
Viol,tool (instrument),30,12,-,,YES,1,"sprite 1 px/inch; Sizing provenance: dimensions without an explicit SRD source in this row are real-world/art estimates, not SRD measurements"
Navigator's tools,tool (kit),12,8,-,,YES,2,"sprite 1 px/inch; Sizing provenance: dimensions without an explicit SRD source in this row are real-world/art estimates, not SRD measurements"
Poisoner's kit,tool (kit),12,8,-,,YES,2,"sprite 1 px/inch; Sizing provenance: dimensions without an explicit SRD source in this row are real-world/art estimates, not SRD measurements"
Thieves' tools,tool (kit),8,4,-,,YES,1,"sprite 1 px/inch; Sizing provenance: dimensions without an explicit SRD source in this row are real-world/art estimates, not SRD measurements"
Camel,mount,96,96,2x2,,SQUEEZE,,"same as creatures.csv 'Camel' (Large); SRD carrying capacity 480 lb (x5 when pulling a vehicle); Large mounts SQUEEZE as creatures; Sizing provenance: dimensions without an explicit SRD source in this row are real-world/art estimates, not SRD measurements"
Donkey or mule,mount,96,72,1x1,,YES,,"same as creatures.csv 'Mule' (Medium); SRD carrying capacity 420 lb (x5 when pulling a vehicle); Large mounts SQUEEZE as creatures; Sizing provenance: dimensions without an explicit SRD source in this row are real-world/art estimates, not SRD measurements"
Elephant,mount,144,144,3x3,,NO,,"same as creatures.csv 'Elephant' (Huge); SRD carrying capacity 1320 lb (x5 when pulling a vehicle); Large mounts SQUEEZE as creatures; Sizing provenance: dimensions without an explicit SRD source in this row are real-world/art estimates, not SRD measurements"
"Horse, draft",mount,96,96,2x2,,SQUEEZE,,"same as creatures.csv 'Draft Horse' (Large); SRD carrying capacity 540 lb (x5 when pulling a vehicle); Large mounts SQUEEZE as creatures; Sizing provenance: dimensions without an explicit SRD source in this row are real-world/art estimates, not SRD measurements"
"Horse, riding",mount,96,96,2x2,,SQUEEZE,,"same as creatures.csv 'Riding Horse' (Large); SRD carrying capacity 480 lb (x5 when pulling a vehicle); Large mounts SQUEEZE as creatures; Sizing provenance: dimensions without an explicit SRD source in this row are real-world/art estimates, not SRD measurements"
Mastiff,mount,72,60,1x1,,YES,,"same as creatures.csv 'Mastiff' (Medium); SRD carrying capacity 195 lb (x5 when pulling a vehicle); Large mounts SQUEEZE as creatures; Sizing provenance: dimensions without an explicit SRD source in this row are real-world/art estimates, not SRD measurements"
Pony,mount,96,72,1x1,,YES,,"same as creatures.csv 'Pony' (Medium); SRD carrying capacity 225 lb (x5 when pulling a vehicle); Large mounts SQUEEZE as creatures; Sizing provenance: dimensions without an explicit SRD source in this row are real-world/art estimates, not SRD measurements"
Warhorse,mount,96,96,2x2,,SQUEEZE,,"same as creatures.csv 'Warhorse' (Large); SRD carrying capacity 540 lb (x5 when pulling a vehicle); Large mounts SQUEEZE as creatures; Sizing provenance: dimensions without an explicit SRD source in this row are real-world/art estimates, not SRD measurements"
Bit and bridle,tack,12,8,-,,YES,1,"loose sprite; when worn drawn as a layer on the mount canvas; Sizing provenance: dimensions without an explicit SRD source in this row are real-world/art estimates, not SRD measurements"
Feed (per day),tack,12,12,-,,YES,10,"loose sprite; when worn drawn as a layer on the mount canvas; Sizing provenance: dimensions without an explicit SRD source in this row are real-world/art estimates, not SRD measurements"
"Saddle, exotic",tack,30,18,-,,YES,40,"loose sprite; when worn drawn as a layer on the mount canvas; Sizing provenance: dimensions without an explicit SRD source in this row are real-world/art estimates, not SRD measurements"
"Saddle, military",tack,30,18,-,,YES,30,"loose sprite; when worn drawn as a layer on the mount canvas; Sizing provenance: dimensions without an explicit SRD source in this row are real-world/art estimates, not SRD measurements"
"Saddle, pack",tack,30,18,-,,YES,15,"loose sprite; when worn drawn as a layer on the mount canvas; Sizing provenance: dimensions without an explicit SRD source in this row are real-world/art estimates, not SRD measurements"
"Saddle, riding",tack,30,18,-,,YES,25,"loose sprite; when worn drawn as a layer on the mount canvas; Sizing provenance: dimensions without an explicit SRD source in this row are real-world/art estimates, not SRD measurements"
Saddlebags,tack,24,12,-,,YES,8,"loose sprite; when worn drawn as a layer on the mount canvas; Sizing provenance: dimensions without an explicit SRD source in this row are real-world/art estimates, not SRD measurements"
Cart,vehicle (land),96,72,2x1,,NO,200,"SRD gives cost/weight only; size = real-world ~8-10 ft incl. shafts x 4-5 ft; true scale ~120x60; 1 draft animal in front (separate sprite); Sizing provenance: dimensions without an explicit SRD source in this row are real-world/art estimates, not SRD measurements"
Wagon,vehicle (land),144,96,3x2,,NO,400,"SRD gives cost/weight only; size = real-world ~12-14 ft x 6 ft; true scale ~168x72 plus cargo height; draft team separate; Sizing provenance: dimensions without an explicit SRD source in this row are real-world/art estimates, not SRD measurements"
Carriage,vehicle (land),144,120,3x2,,NO,600,"SRD gives cost/weight only; size = real-world ~12 ft x 6 ft, enclosed cabin ~7 ft tall (84 px) on wheels; draft team separate; Sizing provenance: dimensions without an explicit SRD source in this row are real-world/art estimates, not SRD measurements"
Chariot,vehicle (land),72,72,2x2,,NO,100,"SRD gives cost/weight only; size = real-world ~5 ft car on two wheels + pole; 2x2 including pole; horses separate; Sizing provenance: dimensions without an explicit SRD source in this row are real-world/art estimates, not SRD measurements"
Sled,vehicle (land),96,48,2x1,,NO,300,"SRD gives cost/weight only; size = real-world ~8 ft x 4 ft; low; Sizing provenance: dimensions without an explicit SRD source in this row are real-world/art estimates, not SRD measurements"
Rowboat,vehicle (water),144,48,3x1,,NO,100,"Object, not a walkable tile map; SRD 12-ft rowboat from Robe of Useful Items used as reference; 144x48 sprite at item scale, width is an art estimate (not SRD); Folding Boat has a separate 10x4-ft boat form; Sizing provenance: dimensions without an explicit SRD source in this row are real-world/art estimates, not SRD measurements"
Keelboat,vehicle (water),N/A,N/A,N/A,,NO,,"Future StarCraft-style transport unit: ship sprite carries units; no walkable tile map. Sprite size and footprint TBD. Historical real-world estimate (not SRD): about 50x15 ft; this is not approved game geometry."
Longship,vehicle (water),N/A,N/A,N/A,,NO,,"Future StarCraft-style transport unit: ship sprite carries units; no walkable tile map. Sprite size and footprint TBD. Historical real-world estimate (not SRD): 70-75 ft long by 15-17 ft wide; this is not approved game geometry."
Sailing ship,vehicle (water),N/A,N/A,N/A,,NO,,"Future StarCraft-style transport unit: ship sprite carries units; no walkable tile map. Sprite size and footprint TBD. Historical real-world estimate (not SRD): about 100x25 ft, mast about 80 ft; these are not approved game geometry."
Warship,vehicle (water),N/A,N/A,N/A,,NO,,"Future StarCraft-style transport unit: ship sprite carries units; no walkable tile map. Sprite size and footprint TBD. Historical real-world estimate (not SRD): about 120x25 ft; this is not approved game geometry."
Galley,vehicle (water),N/A,N/A,N/A,,NO,,"Future StarCraft-style transport unit: ship sprite carries units; no walkable tile map. Sprite size and footprint TBD. The prior walkable-map bounds from the 22:21 CT design are superseded by D-2026-10-02-21; no replacement dimensions approved."
Wheat (1 lb),trade_good,6,6,-,,YES,1,"weight implied by SRD unit; small sack; Sizing provenance: dimensions without an explicit SRD source in this row are real-world/art estimates, not SRD measurements"
Flour (1 lb),trade_good,6,6,-,,YES,1,"weight implied by SRD unit; small sack; Sizing provenance: dimensions without an explicit SRD source in this row are real-world/art estimates, not SRD measurements"
Salt (1 lb),trade_good,6,6,-,,YES,1,"weight implied by SRD unit; small sack; Sizing provenance: dimensions without an explicit SRD source in this row are real-world/art estimates, not SRD measurements"
Iron (1 lb bar),trade_good,6,2,-,,YES,1,"weight implied by SRD unit; ingot; Sizing provenance: dimensions without an explicit SRD source in this row are real-world/art estimates, not SRD measurements"
Canvas (1 sq. yd. bolt),trade_good,12,6,-,,YES,,"weight implied by SRD unit; folded; Sizing provenance: dimensions without an explicit SRD source in this row are real-world/art estimates, not SRD measurements"
Copper (1 lb bar),trade_good,6,2,-,,YES,1,"weight implied by SRD unit; ingot; Sizing provenance: dimensions without an explicit SRD source in this row are real-world/art estimates, not SRD measurements"
Cotton cloth (1 sq. yd.),trade_good,12,6,-,,YES,,"weight implied by SRD unit; folded; Sizing provenance: dimensions without an explicit SRD source in this row are real-world/art estimates, not SRD measurements"
Ginger (1 lb),trade_good,6,4,-,,YES,1,"weight implied by SRD unit; Sizing provenance: dimensions without an explicit SRD source in this row are real-world/art estimates, not SRD measurements"
Cinnamon or pepper (1 lb),trade_good,6,4,-,,YES,1,"weight implied by SRD unit; Sizing provenance: dimensions without an explicit SRD source in this row are real-world/art estimates, not SRD measurements"
Cloves (1 lb),trade_good,6,4,-,,YES,1,"weight implied by SRD unit; Sizing provenance: dimensions without an explicit SRD source in this row are real-world/art estimates, not SRD measurements"
Silver (1 lb bar),trade_good,6,2,-,,YES,1,"weight implied by SRD unit; ingot; Sizing provenance: dimensions without an explicit SRD source in this row are real-world/art estimates, not SRD measurements"
Linen (1 sq. yd.),trade_good,12,6,-,,YES,,"weight implied by SRD unit; folded; Sizing provenance: dimensions without an explicit SRD source in this row are real-world/art estimates, not SRD measurements"
Silk (1 sq. yd.),trade_good,12,6,-,,YES,,"weight implied by SRD unit; folded; Sizing provenance: dimensions without an explicit SRD source in this row are real-world/art estimates, not SRD measurements"
Saffron (1 lb),trade_good,6,4,-,,YES,1,"weight implied by SRD unit; Sizing provenance: dimensions without an explicit SRD source in this row are real-world/art estimates, not SRD measurements"
Gold (1 lb bar),trade_good,4,2,-,,YES,1,"weight implied by SRD unit; ingot; Sizing provenance: dimensions without an explicit SRD source in this row are real-world/art estimates, not SRD measurements"
Platinum (1 lb bar),trade_good,4,2,-,,YES,1,"weight implied by SRD unit; ingot; Sizing provenance: dimensions without an explicit SRD source in this row are real-world/art estimates, not SRD measurements"
Chicken (livestock),trade_good (livestock),12,12,1x1 (shared),,YES,,"no SRD stat block; sized as Tiny beast; listed as trade good in SRD; animals are creature sprites; Sizing provenance: dimensions without an explicit SRD source in this row are real-world/art estimates, not SRD measurements"
Goat (livestock),trade_good (livestock),72,60,1x1,,YES,,"matches creatures.csv Goat (Medium beast); listed as trade good in SRD; animals are creature sprites; Sizing provenance: dimensions without an explicit SRD source in this row are real-world/art estimates, not SRD measurements"
Sheep (livestock),trade_good (livestock),72,60,1x1,,YES,,"no SRD stat block; sized like Goat (Medium); listed as trade good in SRD; animals are creature sprites; Sizing provenance: dimensions without an explicit SRD source in this row are real-world/art estimates, not SRD measurements"
Pig (livestock),trade_good (livestock),72,48,1x1,,YES,,"no SRD stat block; Medium low quadruped; listed as trade good in SRD; animals are creature sprites; Sizing provenance: dimensions without an explicit SRD source in this row are real-world/art estimates, not SRD measurements"
Cow (livestock),trade_good (livestock),96,72,2x2,,SQUEEZE,,"no SRD stat block; sized as Large quadruped; listed as trade good in SRD; animals are creature sprites; Sizing provenance: dimensions without an explicit SRD source in this row are real-world/art estimates, not SRD measurements"
Ox (livestock),trade_good (livestock),96,72,2x2,,SQUEEZE,,"no SRD stat block; sized as Large quadruped; draft animal; listed as trade good in SRD; animals are creature sprites; Sizing provenance: dimensions without an explicit SRD source in this row are real-world/art estimates, not SRD measurements"
Adamantine Armor,magic item (Armor),24,30,-,,YES,,"uses base armor sprite (medium or heavy, but not hide); worn as paper-doll layer; Sizing provenance: dimensions without an explicit SRD source in this row are real-world/art estimates, not SRD measurements"
"Ammunition, +1, +2, or +3",magic item (Weapon),30,2,-,,YES,,"uses base weapon sprite (any ammunition); default shown = any ammunition; Sizing provenance: dimensions without an explicit SRD source in this row are real-world/art estimates, not SRD measurements"
Amulet of Health,magic item (Wondrous item),4,6,-,,YES,,"worn/carried item; Sizing provenance: dimensions without an explicit SRD source in this row are real-world/art estimates, not SRD measurements"
Amulet of Proof against Detection and Location,magic item (Wondrous item),4,6,-,,YES,,"worn/carried item; Sizing provenance: dimensions without an explicit SRD source in this row are real-world/art estimates, not SRD measurements"
Amulet of the Planes,magic item (Wondrous item),4,6,-,,YES,,"worn/carried item; Sizing provenance: dimensions without an explicit SRD source in this row are real-world/art estimates, not SRD measurements"
Animated Shield,magic item (Armor),24,30,-,30,YES,6,"shield sprite; Sizing provenance: dimensions without an explicit SRD source in this row are real-world/art estimates, not SRD measurements"
Apparatus of the Crab,magic item (Wondrous item),96,72,2x2,,NO,500,"SRD: Large sealed iron barrel, 500 lb; holds two Medium creatures; walks as a vehicle; Sizing provenance: dimensions without an explicit SRD source in this row are real-world/art estimates, not SRD measurements"
"Armor, +1, +2, or +3",magic item (Armor),24,30,-,,YES,,"uses base armor sprite (light, medium, or heavy); worn as paper-doll layer; Sizing provenance: dimensions without an explicit SRD source in this row are real-world/art estimates, not SRD measurements"
Armor of Invulnerability,magic item (Armor),24,30,-,,YES,65,"uses base armor sprite (plate); worn as paper-doll layer; Sizing provenance: dimensions without an explicit SRD source in this row are real-world/art estimates, not SRD measurements"
Armor of Resistance,magic item (Armor),24,30,-,,YES,,"uses base armor sprite (light, medium, or heavy); worn as paper-doll layer; Sizing provenance: dimensions without an explicit SRD source in this row are real-world/art estimates, not SRD measurements"
Bag of Beans,magic item (Wondrous item),8,8,-,,YES,0.5 + 0.25/bean,"SRD weight formula; Sizing provenance: dimensions without an explicit SRD source in this row are real-world/art estimates, not SRD measurements"
Armor of Vulnerability,magic item (Armor),24,30,-,,YES,65,"uses base armor sprite (plate); worn as paper-doll layer; Sizing provenance: dimensions without an explicit SRD source in this row are real-world/art estimates, not SRD measurements"
Arrow-Catching Shield,magic item (Armor),24,30,-,30,YES,6,"shield sprite; Sizing provenance: dimensions without an explicit SRD source in this row are real-world/art estimates, not SRD measurements"
Arrow of Slaying,magic item (Weapon),30,2,-,,YES,,"uses base weapon sprite (arrow); default shown = arrow; Sizing provenance: dimensions without an explicit SRD source in this row are real-world/art estimates, not SRD measurements"
Bag of Devouring,magic item (Wondrous item),12,12,-,,YES,,"looks like Bag of Holding; Sizing provenance: dimensions without an explicit SRD source in this row are real-world/art estimates, not SRD measurements"
Bag of Tricks,magic item (Wondrous item),8,8,-,,YES,,"small fuzzy bag; creature forms see creatures.csv; Sizing provenance: dimensions without an explicit SRD source in this row are real-world/art estimates, not SRD measurements"
Bag of Holding,magic item (Wondrous item),12,12,-,,YES,15,"SRD: interior 2 ft mouth, 4 ft deep, holds 500 lb; weighs 15 lb regardless (encumbrance: contents do not add); Sizing provenance: dimensions without an explicit SRD source in this row are real-world/art estimates, not SRD measurements"
Belt of Dwarvenkind,magic item (Wondrous item),12,6,-,,YES,,"worn/carried item; Sizing provenance: dimensions without an explicit SRD source in this row are real-world/art estimates, not SRD measurements"
Belt of Giant Strength,magic item (Wondrous item),12,6,-,,YES,,"worn/carried item; Sizing provenance: dimensions without an explicit SRD source in this row are real-world/art estimates, not SRD measurements"
Bead of Force,magic item (Wondrous item),2,2,-,,YES,,"worn/carried item; Sizing provenance: dimensions without an explicit SRD source in this row are real-world/art estimates, not SRD measurements"
Berserker Axe,magic item (Weapon),36,12,-,36,YES,4,"uses base weapon sprite (any axe); default shown = any axe; Sizing provenance: dimensions without an explicit SRD source in this row are real-world/art estimates, not SRD measurements"
Boots of the Winterlands,magic item (Wondrous item),12,12,-,,YES,1,"worn/carried item; Sizing provenance: dimensions without an explicit SRD source in this row are real-world/art estimates, not SRD measurements"
Bowl of Commanding Water Elementals,magic item (Wondrous item),12,6,-,,YES,3,"SRD: about 1 ft diameter, half as deep; 3 lb; Sizing provenance: dimensions without an explicit SRD source in this row are real-world/art estimates, not SRD measurements"
Boots of Elvenkind,magic item (Wondrous item),12,12,-,,YES,1,"worn/carried item; Sizing provenance: dimensions without an explicit SRD source in this row are real-world/art estimates, not SRD measurements"
Boots of Levitation,magic item (Wondrous item),12,12,-,,YES,1,"worn/carried item; Sizing provenance: dimensions without an explicit SRD source in this row are real-world/art estimates, not SRD measurements"
Bracers of Archery,magic item (Wondrous item),8,6,-,,YES,,"worn/carried item; Sizing provenance: dimensions without an explicit SRD source in this row are real-world/art estimates, not SRD measurements"
Boots of Speed,magic item (Wondrous item),12,12,-,,YES,1,"worn/carried item; Sizing provenance: dimensions without an explicit SRD source in this row are real-world/art estimates, not SRD measurements"
Bracers of Defense,magic item (Wondrous item),8,6,-,,YES,,"worn/carried item; Sizing provenance: dimensions without an explicit SRD source in this row are real-world/art estimates, not SRD measurements"
Brazier of Commanding Fire Elementals,magic item (Wondrous item),12,12,1x1,,YES,5,"SRD weight 5 lb; Sizing provenance: dimensions without an explicit SRD source in this row are real-world/art estimates, not SRD measurements"
Boots of Striding and Springing,magic item (Wondrous item),12,12,-,,YES,1,"worn/carried item; Sizing provenance: dimensions without an explicit SRD source in this row are real-world/art estimates, not SRD measurements"
Brooch of Shielding,magic item (Wondrous item),4,4,-,,YES,,"worn/carried item; Sizing provenance: dimensions without an explicit SRD source in this row are real-world/art estimates, not SRD measurements"
Broom of Flying,magic item (Wondrous item),60,12,-,60,TILT,3,"SRD weight 3 lb; ridden: drawn under rider on Medium canvas; Sizing provenance: dimensions without an explicit SRD source in this row are real-world/art estimates, not SRD measurements"
Cape of the Mountebank,magic item (Wondrous item),18,12,-,,YES,,"worn/carried item; Sizing provenance: dimensions without an explicit SRD source in this row are real-world/art estimates, not SRD measurements"
Candle of Invocation,magic item (Wondrous item),2,8,-,,YES,,"Sizing provenance: dimensions without an explicit SRD source in this row are real-world/art estimates, not SRD measurements"
Carpet of Flying,magic item (Wondrous item),48,60,1x1,,TILT,,"SRD sizes 3x5 / 4x6 / 5x7 / 6x9 ft; sprite here for 4x6 ft; see separate size rows; Sizing provenance: dimensions without an explicit SRD source in this row are real-world/art estimates, not SRD measurements"
Censer of Controlling Air Elementals,magic item (Wondrous item),6,12,-,,YES,1,"SRD: 6 in wide, 1 ft high; 1 lb; Sizing provenance: dimensions without an explicit SRD source in this row are real-world/art estimates, not SRD measurements"
Chime of Opening,magic item (Wondrous item),12,2,-,,YES,,"SRD: hollow metal tube about 1 ft long; Sizing provenance: dimensions without an explicit SRD source in this row are real-world/art estimates, not SRD measurements"
Cloak of Protection,magic item (Wondrous item),18,12,-,,YES,1,"worn/carried item; Sizing provenance: dimensions without an explicit SRD source in this row are real-world/art estimates, not SRD measurements"
Circlet of Blasting,magic item (Wondrous item),8,4,-,,YES,,"worn/carried item; Sizing provenance: dimensions without an explicit SRD source in this row are real-world/art estimates, not SRD measurements"
Cloak of the Bat,magic item (Wondrous item),18,12,-,,YES,1,"worn/carried item; Sizing provenance: dimensions without an explicit SRD source in this row are real-world/art estimates, not SRD measurements"
Cloak of Arachnida,magic item (Wondrous item),18,12,-,,YES,1,"worn/carried item; Sizing provenance: dimensions without an explicit SRD source in this row are real-world/art estimates, not SRD measurements"
Cloak of the Manta Ray,magic item (Wondrous item),18,12,-,,YES,1,"worn/carried item; Sizing provenance: dimensions without an explicit SRD source in this row are real-world/art estimates, not SRD measurements"
Crystal Ball,magic item (Wondrous item),6,6,-,,YES,,"SRD: about 6 inches in diameter; Sizing provenance: dimensions without an explicit SRD source in this row are real-world/art estimates, not SRD measurements"
Cloak of Displacement,magic item (Wondrous item),18,12,-,,YES,1,"worn/carried item; Sizing provenance: dimensions without an explicit SRD source in this row are real-world/art estimates, not SRD measurements"
Cloak of Elvenkind,magic item (Wondrous item),18,12,-,,YES,1,"worn/carried item; Sizing provenance: dimensions without an explicit SRD source in this row are real-world/art estimates, not SRD measurements"
Cubic Gate,magic item (Wondrous item),3,3,-,,YES,,"SRD: 3-inch cube; Sizing provenance: dimensions without an explicit SRD source in this row are real-world/art estimates, not SRD measurements"
Cube of Force,magic item (Wondrous item),3,3,-,,YES,,"SRD: 3 inches across; barrier cube 15 ft (3x3 tiles) when active; Sizing provenance: dimensions without an explicit SRD source in this row are real-world/art estimates, not SRD measurements"
Dagger of Venom,magic item (Weapon),12,4,-,12,YES,1,"uses base weapon sprite (dagger); default shown = dagger; Sizing provenance: dimensions without an explicit SRD source in this row are real-world/art estimates, not SRD measurements"
Dancing Sword,magic item (Weapon),36,6,-,36,YES,3,"uses base weapon sprite (any sword); default shown = longsword; Sizing provenance: dimensions without an explicit SRD source in this row are real-world/art estimates, not SRD measurements"
Decanter of Endless Water,magic item (Wondrous item),6,10,-,,YES,2,"SRD weight 2 lb; Sizing provenance: dimensions without an explicit SRD source in this row are real-world/art estimates, not SRD measurements"
Deck of Illusions,magic item (Wondrous item),4,6,-,,YES,,"card deck; Sizing provenance: dimensions without an explicit SRD source in this row are real-world/art estimates, not SRD measurements"
Deck of Many Things,magic item (Wondrous item),4,6,-,,YES,,"card deck; Sizing provenance: dimensions without an explicit SRD source in this row are real-world/art estimates, not SRD measurements"
Defender,magic item (Weapon),36,6,-,36,YES,3,"uses base weapon sprite (any sword); default shown = longsword; Sizing provenance: dimensions without an explicit SRD source in this row are real-world/art estimates, not SRD measurements"
Demon Armor,magic item (Armor),24,30,-,,YES,65,"uses base armor sprite (plate); worn as paper-doll layer; Sizing provenance: dimensions without an explicit SRD source in this row are real-world/art estimates, not SRD measurements"
Dimensional Shackles,magic item (Wondrous item),8,4,-,,YES,,"Sizing provenance: dimensions without an explicit SRD source in this row are real-world/art estimates, not SRD measurements"
Dust of Disappearance,magic item (Wondrous item),4,4,-,,YES,,"worn/carried item; Sizing provenance: dimensions without an explicit SRD source in this row are real-world/art estimates, not SRD measurements"
Dust of Dryness,magic item (Wondrous item),4,4,-,,YES,,"worn/carried item; Sizing provenance: dimensions without an explicit SRD source in this row are real-world/art estimates, not SRD measurements"
Dragon Scale Mail,magic item (Armor),24,30,-,,YES,45,"uses base armor sprite (scale mail); worn as paper-doll layer; Sizing provenance: dimensions without an explicit SRD source in this row are real-world/art estimates, not SRD measurements"
Dust of Sneezing and Choking,magic item (Wondrous item),4,4,-,,YES,,"worn/carried item; Sizing provenance: dimensions without an explicit SRD source in this row are real-world/art estimates, not SRD measurements"
Dragon Slayer,magic item (Weapon),36,6,-,36,YES,3,"uses base weapon sprite (any sword); default shown = longsword; Sizing provenance: dimensions without an explicit SRD source in this row are real-world/art estimates, not SRD measurements"
Dwarven Plate,magic item (Armor),24,30,-,,YES,65,"uses base armor sprite (plate); worn as paper-doll layer; Sizing provenance: dimensions without an explicit SRD source in this row are real-world/art estimates, not SRD measurements"
Elemental Gem,magic item (Wondrous item),3,3,-,,YES,,"Sizing provenance: dimensions without an explicit SRD source in this row are real-world/art estimates, not SRD measurements"
Dwarven Thrower,magic item (Weapon),36,10,-,36,YES,2,"uses base weapon sprite (warhammer); default shown = warhammer; Sizing provenance: dimensions without an explicit SRD source in this row are real-world/art estimates, not SRD measurements"
Efficient Quiver,magic item (Wondrous item),8,36,-,,YES,2,"SRD: never weighs more than 2 lb; Sizing provenance: dimensions without an explicit SRD source in this row are real-world/art estimates, not SRD measurements"
Elven Chain,magic item (Armor),24,30,-,,YES,20,"uses base armor sprite (chain shirt); worn as paper-doll layer; Sizing provenance: dimensions without an explicit SRD source in this row are real-world/art estimates, not SRD measurements"
Eversmoking Bottle,magic item (Wondrous item),4,12,-,,YES,1,"SRD: 1 lb; Sizing provenance: dimensions without an explicit SRD source in this row are real-world/art estimates, not SRD measurements"
Efreeti Bottle,magic item (Wondrous item),6,12,-,,YES,1,"SRD: painted brass bottle, 1 lb; Sizing provenance: dimensions without an explicit SRD source in this row are real-world/art estimates, not SRD measurements"
Eyes of Charming,magic item (Wondrous item),4,2,-,,YES,,"worn/carried item; Sizing provenance: dimensions without an explicit SRD source in this row are real-world/art estimates, not SRD measurements"
Eyes of Minute Seeing,magic item (Wondrous item),4,2,-,,YES,,"worn/carried item; Sizing provenance: dimensions without an explicit SRD source in this row are real-world/art estimates, not SRD measurements"
Eyes of the Eagle,magic item (Wondrous item),4,2,-,,YES,,"worn/carried item; Sizing provenance: dimensions without an explicit SRD source in this row are real-world/art estimates, not SRD measurements"
Feather Token,magic item (Wondrous item),3,6,-,,YES,,"SRD alternate forms: 60-ft tree (ancient tree art estimate 192x288+) and 50x20-ft swan boat. The swan boat is a future transport unit with a sprite carrying units, not a walkable tile map; transport sprite size and footprint TBD. The token keeps its one 3x6 item sprite; dimensions not explicitly sourced to the SRD are art estimates."
Figurine of Wondrous Power,magic item (Wondrous item),4,4,-,,YES,,"SRD: statuettes ~4 inches (Marble Elephant text); creature forms see creatures.csv; Sizing provenance: dimensions without an explicit SRD source in this row are real-world/art estimates, not SRD measurements"
Flame Tongue,magic item (Weapon),36,6,-,36,YES,3,"uses base weapon sprite (any sword); default shown = longsword; Sizing provenance: dimensions without an explicit SRD source in this row are real-world/art estimates, not SRD measurements"
Gauntlets of Ogre Power,magic item (Wondrous item),8,8,-,,YES,,"worn/carried item; Sizing provenance: dimensions without an explicit SRD source in this row are real-world/art estimates, not SRD measurements"
Gem of Brightness,magic item (Wondrous item),3,3,-,,YES,,"Sizing provenance: dimensions without an explicit SRD source in this row are real-world/art estimates, not SRD measurements"
Folding Boat,magic item (Wondrous item),12,6,-,,YES,4,"SRD: box 12x6x6 in (4 lb); boat 10x4x2 ft remains an object (120x48 sprite, 2x1 nominal footprint are art estimates); ship 24x8x6 ft is a future transport unit with a sprite carrying units, not a walkable tile map. Ship sprite size and footprint TBD. The box keeps its one 12x6 item sprite; dimensions not explicitly sourced to the SRD are art estimates."
Gem of Seeing,magic item (Wondrous item),3,3,-,,YES,,"Sizing provenance: dimensions without an explicit SRD source in this row are real-world/art estimates, not SRD measurements"
Frost Brand,magic item (Weapon),36,6,-,36,YES,3,"uses base weapon sprite (any sword); default shown = longsword; Sizing provenance: dimensions without an explicit SRD source in this row are real-world/art estimates, not SRD measurements"
Giant Slayer,magic item (Weapon),36,6,-,36,YES,3,"uses base weapon sprite (any axe or sword); default shown = longsword; Sizing provenance: dimensions without an explicit SRD source in this row are real-world/art estimates, not SRD measurements"
Hammer of Thunderbolts,magic item (Weapon),48,12,-,48,YES,10,"uses base weapon sprite (maul); default shown = maul; Sizing provenance: dimensions without an explicit SRD source in this row are real-world/art estimates, not SRD measurements"
Glamoured Studded Leather,magic item (Armor),24,30,-,,YES,13,"uses base armor sprite (studded leather); worn as paper-doll layer; Sizing provenance: dimensions without an explicit SRD source in this row are real-world/art estimates, not SRD measurements"
Gloves of Missile Snaring,magic item (Wondrous item),8,8,-,,YES,,"worn/carried item; Sizing provenance: dimensions without an explicit SRD source in this row are real-world/art estimates, not SRD measurements"
Handy Haversack,magic item (Wondrous item),18,24,-,,YES,5,"SRD: always weighs 5 lb regardless of contents; backpack sprite; Sizing provenance: dimensions without an explicit SRD source in this row are real-world/art estimates, not SRD measurements"
Gloves of Swimming and Climbing,magic item (Wondrous item),8,8,-,,YES,,"worn/carried item; Sizing provenance: dimensions without an explicit SRD source in this row are real-world/art estimates, not SRD measurements"
Goggles of Night,magic item (Wondrous item),8,3,-,,YES,,"worn/carried item; Sizing provenance: dimensions without an explicit SRD source in this row are real-world/art estimates, not SRD measurements"
Hat of Disguise,magic item (Wondrous item),12,8,-,,YES,,"worn/carried item; Sizing provenance: dimensions without an explicit SRD source in this row are real-world/art estimates, not SRD measurements"
Helm of Comprehending Languages,magic item (Wondrous item),10,10,-,,YES,,"worn/carried item; Sizing provenance: dimensions without an explicit SRD source in this row are real-world/art estimates, not SRD measurements"
Headband of Intellect,magic item (Wondrous item),8,4,-,,YES,,"worn/carried item; Sizing provenance: dimensions without an explicit SRD source in this row are real-world/art estimates, not SRD measurements"
Helm of Telepathy,magic item (Wondrous item),10,10,-,,YES,,"worn/carried item; Sizing provenance: dimensions without an explicit SRD source in this row are real-world/art estimates, not SRD measurements"
Helm of Brilliance,magic item (Wondrous item),10,10,-,,YES,,"worn/carried item; Sizing provenance: dimensions without an explicit SRD source in this row are real-world/art estimates, not SRD measurements"
Helm of Teleportation,magic item (Wondrous item),10,10,-,,YES,,"worn/carried item; Sizing provenance: dimensions without an explicit SRD source in this row are real-world/art estimates, not SRD measurements"
Holy Avenger,magic item (Weapon),36,6,-,36,YES,3,"uses base weapon sprite (any sword); default shown = longsword; Sizing provenance: dimensions without an explicit SRD source in this row are real-world/art estimates, not SRD measurements"
Horseshoes of a Zephyr,magic item (Wondrous item),6,6,-,,YES,,"worn/carried item; Sizing provenance: dimensions without an explicit SRD source in this row are real-world/art estimates, not SRD measurements"
Horn of Blasting,magic item (Wondrous item),12,6,-,,YES,2,"Sizing provenance: dimensions without an explicit SRD source in this row are real-world/art estimates, not SRD measurements"
Horseshoes of Speed,magic item (Wondrous item),6,6,-,,YES,,"worn/carried item; Sizing provenance: dimensions without an explicit SRD source in this row are real-world/art estimates, not SRD measurements"
Immovable Rod,magic item (Rod),24,3,-,24,YES,,"flat iron rod; Sizing provenance: dimensions without an explicit SRD source in this row are real-world/art estimates, not SRD measurements"
Horn of Valhalla,magic item (Wondrous item),12,6,-,,YES,2,"Sizing provenance: dimensions without an explicit SRD source in this row are real-world/art estimates, not SRD measurements"
Instant Fortress,magic item (Wondrous item),1,1,-,,YES,,"SRD: 1-inch cube; tower 20 ft square x 30 ft high = 4x4 tiles; tower sprite 192x288 (true 240x360 at 12 px/ft, compressed to tile grid and ~3 z-levels); Sizing provenance: dimensions without an explicit SRD source in this row are real-world/art estimates, not SRD measurements"
Ioun Stone,magic item (Wondrous item),3,3,-,,YES,,"orbits head 1d3 ft (12-36 px) when in use; Sizing provenance: dimensions without an explicit SRD source in this row are real-world/art estimates, not SRD measurements"
Iron Bands of Binding,magic item (Wondrous item),3,3,-,,YES,1,"SRD: rusty iron sphere 3 in diameter, 1 lb; Sizing provenance: dimensions without an explicit SRD source in this row are real-world/art estimates, not SRD measurements"
Javelin of Lightning,magic item (Weapon),60,4,-,60,TILT,2,"uses base weapon sprite (javelin); default shown = javelin; Sizing provenance: dimensions without an explicit SRD source in this row are real-world/art estimates, not SRD measurements"
Iron Flask,magic item (Wondrous item),4,10,-,,YES,,"iron bottle with brass stopper; Sizing provenance: dimensions without an explicit SRD source in this row are real-world/art estimates, not SRD measurements"
Lantern of Revealing,magic item (Wondrous item),6,10,-,,YES,2,"worn/carried item; Sizing provenance: dimensions without an explicit SRD source in this row are real-world/art estimates, not SRD measurements"
Luck Blade,magic item (Weapon),36,6,-,36,YES,3,"uses base weapon sprite (any sword); default shown = longsword; Sizing provenance: dimensions without an explicit SRD source in this row are real-world/art estimates, not SRD measurements"
Mantle of Spell Resistance,magic item (Wondrous item),18,12,-,,YES,,"worn/carried item; Sizing provenance: dimensions without an explicit SRD source in this row are real-world/art estimates, not SRD measurements"
Manual of Bodily Health,magic item (Wondrous item),10,12,-,,YES,5,"book; Sizing provenance: dimensions without an explicit SRD source in this row are real-world/art estimates, not SRD measurements"
Mace of Disruption,magic item (Weapon),30,8,-,30,YES,4,"uses base weapon sprite (mace); default shown = mace; Sizing provenance: dimensions without an explicit SRD source in this row are real-world/art estimates, not SRD measurements"
Manual of Gainful Exercise,magic item (Wondrous item),10,12,-,,YES,5,"book; Sizing provenance: dimensions without an explicit SRD source in this row are real-world/art estimates, not SRD measurements"
Mace of Smiting,magic item (Weapon),30,8,-,30,YES,4,"uses base weapon sprite (mace); default shown = mace; Sizing provenance: dimensions without an explicit SRD source in this row are real-world/art estimates, not SRD measurements"
Manual of Golems,magic item (Wondrous item),10,12,-,,YES,5,"book; Sizing provenance: dimensions without an explicit SRD source in this row are real-world/art estimates, not SRD measurements"
Mace of Terror,magic item (Weapon),30,8,-,30,YES,4,"uses base weapon sprite (mace); default shown = mace; Sizing provenance: dimensions without an explicit SRD source in this row are real-world/art estimates, not SRD measurements"
Medallion of Thoughts,magic item (Wondrous item),4,6,-,,YES,,"worn/carried item; Sizing provenance: dimensions without an explicit SRD source in this row are real-world/art estimates, not SRD measurements"
Mirror of Life Trapping,magic item (Wondrous item),30,48,1x1 (wall),,YES,50,"SRD: 4 ft tall, 50 lb; hung on a wall; Sizing provenance: dimensions without an explicit SRD source in this row are real-world/art estimates, not SRD measurements"
Manual of Quickness of Action,magic item (Wondrous item),10,12,-,,YES,5,"book; Sizing provenance: dimensions without an explicit SRD source in this row are real-world/art estimates, not SRD measurements"
Marvelous Pigments,magic item (Wondrous item),10,4,-,,YES,1,"Sizing provenance: dimensions without an explicit SRD source in this row are real-world/art estimates, not SRD measurements"
Mithral Armor,magic item (Armor),24,30,-,,YES,,"uses base armor sprite (medium or heavy, but not hide); worn as paper-doll layer; Sizing provenance: dimensions without an explicit SRD source in this row are real-world/art estimates, not SRD measurements"
Nine Lives Stealer,magic item (Weapon),36,6,-,36,YES,3,"uses base weapon sprite (any sword); default shown = longsword; Sizing provenance: dimensions without an explicit SRD source in this row are real-world/art estimates, not SRD measurements"
Necklace of Adaptation,magic item (Wondrous item),6,6,-,,YES,,"worn/carried item; Sizing provenance: dimensions without an explicit SRD source in this row are real-world/art estimates, not SRD measurements"
Necklace of Fireballs,magic item (Wondrous item),6,6,-,,YES,,"Sizing provenance: dimensions without an explicit SRD source in this row are real-world/art estimates, not SRD measurements"
Oathbow,magic item (Weapon),72,12,-,72,TILT,2,"uses base weapon sprite (longbow); default shown = longbow; Sizing provenance: dimensions without an explicit SRD source in this row are real-world/art estimates, not SRD measurements"
Necklace of Prayer Beads,magic item (Wondrous item),6,6,-,,YES,,"Sizing provenance: dimensions without an explicit SRD source in this row are real-world/art estimates, not SRD measurements"
Oil of Etherealness,magic item (Potion),8,12,-,,YES,,"vial/flask (Potion of healing 1/2 lb in gear table); Sizing provenance: dimensions without an explicit SRD source in this row are real-world/art estimates, not SRD measurements"
Periapt of Wound Closure,magic item (Wondrous item),4,6,-,,YES,,"worn/carried item; Sizing provenance: dimensions without an explicit SRD source in this row are real-world/art estimates, not SRD measurements"
Oil of Sharpness,magic item (Potion),8,12,-,,YES,,"vial/flask (Potion of healing 1/2 lb in gear table); Sizing provenance: dimensions without an explicit SRD source in this row are real-world/art estimates, not SRD measurements"
Philter of Love,magic item (Potion),8,12,-,,YES,,"vial/flask (Potion of healing 1/2 lb in gear table); Sizing provenance: dimensions without an explicit SRD source in this row are real-world/art estimates, not SRD measurements"
Oil of Slipperiness,magic item (Potion),8,12,-,,YES,,"vial/flask (Potion of healing 1/2 lb in gear table); Sizing provenance: dimensions without an explicit SRD source in this row are real-world/art estimates, not SRD measurements"
Pipes of Haunting,magic item (Wondrous item),8,6,-,,YES,,"worn/carried item; Sizing provenance: dimensions without an explicit SRD source in this row are real-world/art estimates, not SRD measurements"
Pearl of Power,magic item (Wondrous item),2,2,-,,YES,,"worn/carried item; Sizing provenance: dimensions without an explicit SRD source in this row are real-world/art estimates, not SRD measurements"
Pipes of the Sewers,magic item (Wondrous item),8,6,-,,YES,,"worn/carried item; Sizing provenance: dimensions without an explicit SRD source in this row are real-world/art estimates, not SRD measurements"
Periapt of Health,magic item (Wondrous item),4,6,-,,YES,,"worn/carried item; Sizing provenance: dimensions without an explicit SRD source in this row are real-world/art estimates, not SRD measurements"
Periapt of Proof against Poison,magic item (Wondrous item),4,6,-,,YES,,"worn/carried item; Sizing provenance: dimensions without an explicit SRD source in this row are real-world/art estimates, not SRD measurements"
Potion of Animal Friendship,magic item (Potion),8,12,-,,YES,,"vial/flask (Potion of healing 1/2 lb in gear table); Sizing provenance: dimensions without an explicit SRD source in this row are real-world/art estimates, not SRD measurements"
Plate Armor of Etherealness,magic item (Armor),24,30,-,,YES,65,"uses base armor sprite (plate); worn as paper-doll layer; Sizing provenance: dimensions without an explicit SRD source in this row are real-world/art estimates, not SRD measurements"
Potion of Clairvoyance,magic item (Potion),8,12,-,,YES,,"vial/flask (Potion of healing 1/2 lb in gear table); Sizing provenance: dimensions without an explicit SRD source in this row are real-world/art estimates, not SRD measurements"
Potion of Climbing,magic item (Potion),8,12,-,,YES,,"vial/flask (Potion of healing 1/2 lb in gear table); Sizing provenance: dimensions without an explicit SRD source in this row are real-world/art estimates, not SRD measurements"
Portable Hole,magic item (Wondrous item),6,6,-,,YES,,"SRD: folds to handkerchief size; unfolds to 6-ft-diameter circle (72x48 ground decal, 1x1+) 10 ft deep; Sizing provenance: dimensions without an explicit SRD source in this row are real-world/art estimates, not SRD measurements"
Potion of Diminution,magic item (Potion),8,12,-,,YES,,"vial/flask (Potion of healing 1/2 lb in gear table); Sizing provenance: dimensions without an explicit SRD source in this row are real-world/art estimates, not SRD measurements"
Potion of Flying,magic item (Potion),8,12,-,,YES,,"vial/flask (Potion of healing 1/2 lb in gear table); Sizing provenance: dimensions without an explicit SRD source in this row are real-world/art estimates, not SRD measurements"
Potion of Heroism,magic item (Potion),8,12,-,,YES,,"vial/flask (Potion of healing 1/2 lb in gear table); Sizing provenance: dimensions without an explicit SRD source in this row are real-world/art estimates, not SRD measurements"
Potion of Gaseous Form,magic item (Potion),8,12,-,,YES,,"vial/flask (Potion of healing 1/2 lb in gear table); Sizing provenance: dimensions without an explicit SRD source in this row are real-world/art estimates, not SRD measurements"
Potion of Invisibility,magic item (Potion),8,12,-,,YES,,"vial/flask (Potion of healing 1/2 lb in gear table); Sizing provenance: dimensions without an explicit SRD source in this row are real-world/art estimates, not SRD measurements"
Potion of Giant Strength,magic item (Potion),8,12,-,,YES,,"vial/flask (Potion of healing 1/2 lb in gear table); Sizing provenance: dimensions without an explicit SRD source in this row are real-world/art estimates, not SRD measurements"
Potion of Mind Reading,magic item (Potion),8,12,-,,YES,,"vial/flask (Potion of healing 1/2 lb in gear table); Sizing provenance: dimensions without an explicit SRD source in this row are real-world/art estimates, not SRD measurements"
Potion of Poison,magic item (Potion),8,12,-,,YES,,"vial/flask (Potion of healing 1/2 lb in gear table); Sizing provenance: dimensions without an explicit SRD source in this row are real-world/art estimates, not SRD measurements"
Potion of Growth,magic item (Potion),8,12,-,,YES,,"vial/flask (Potion of healing 1/2 lb in gear table); Sizing provenance: dimensions without an explicit SRD source in this row are real-world/art estimates, not SRD measurements"
Potion of Healing,magic item (Potion),8,12,-,,YES,0.5,"vial/flask (Potion of healing 1/2 lb in gear table); Sizing provenance: dimensions without an explicit SRD source in this row are real-world/art estimates, not SRD measurements"
Potion of Resistance,magic item (Potion),8,12,-,,YES,,"vial/flask (Potion of healing 1/2 lb in gear table); Sizing provenance: dimensions without an explicit SRD source in this row are real-world/art estimates, not SRD measurements"
Ring of Djinni Summoning,magic item (Ring),4,4,-,,YES,,"Owner: ring ~4-8 px; Sizing provenance: dimensions without an explicit SRD source in this row are real-world/art estimates, not SRD measurements"
Potion of Speed,magic item (Potion),8,12,-,,YES,,"vial/flask (Potion of healing 1/2 lb in gear table); Sizing provenance: dimensions without an explicit SRD source in this row are real-world/art estimates, not SRD measurements"
Ring of Elemental Command,magic item (Ring),4,4,-,,YES,,"Owner: ring ~4-8 px; Sizing provenance: dimensions without an explicit SRD source in this row are real-world/art estimates, not SRD measurements"
Potion of Water Breathing,magic item (Potion),8,12,-,,YES,,"vial/flask (Potion of healing 1/2 lb in gear table); Sizing provenance: dimensions without an explicit SRD source in this row are real-world/art estimates, not SRD measurements"
Restorative Ointment,magic item (Wondrous item),3,3,-,,YES,0.5,"SRD: glass jar 3 in diameter, 1/2 lb; Sizing provenance: dimensions without an explicit SRD source in this row are real-world/art estimates, not SRD measurements"
Ring of Animal Influence,magic item (Ring),4,4,-,,YES,,"Owner: ring ~4-8 px; Sizing provenance: dimensions without an explicit SRD source in this row are real-world/art estimates, not SRD measurements"
Ring of Feather Falling,magic item (Ring),4,4,-,,YES,,"Owner: ring ~4-8 px; Sizing provenance: dimensions without an explicit SRD source in this row are real-world/art estimates, not SRD measurements"
Ring of Free Action,magic item (Ring),4,4,-,,YES,,"Owner: ring ~4-8 px; Sizing provenance: dimensions without an explicit SRD source in this row are real-world/art estimates, not SRD measurements"
Ring of Invisibility,magic item (Ring),4,4,-,,YES,,"Owner: ring ~4-8 px; Sizing provenance: dimensions without an explicit SRD source in this row are real-world/art estimates, not SRD measurements"
Ring of Jumping,magic item (Ring),4,4,-,,YES,,"Owner: ring ~4-8 px; Sizing provenance: dimensions without an explicit SRD source in this row are real-world/art estimates, not SRD measurements"
Ring of Mind Shielding,magic item (Ring),4,4,-,,YES,,"Owner: ring ~4-8 px; Sizing provenance: dimensions without an explicit SRD source in this row are real-world/art estimates, not SRD measurements"
Ring of Evasion,magic item (Ring),4,4,-,,YES,,"Owner: ring ~4-8 px; Sizing provenance: dimensions without an explicit SRD source in this row are real-world/art estimates, not SRD measurements"
Ring of Protection,magic item (Ring),4,4,-,,YES,,"Owner: ring ~4-8 px; Sizing provenance: dimensions without an explicit SRD source in this row are real-world/art estimates, not SRD measurements"
Ring of Regeneration,magic item (Ring),4,4,-,,YES,,"Owner: ring ~4-8 px; Sizing provenance: dimensions without an explicit SRD source in this row are real-world/art estimates, not SRD measurements"
Ring of Resistance,magic item (Ring),4,4,-,,YES,,"Owner: ring ~4-8 px; Sizing provenance: dimensions without an explicit SRD source in this row are real-world/art estimates, not SRD measurements"
Ring of Spell Storing,magic item (Ring),4,4,-,,YES,,"Owner: ring ~4-8 px; Sizing provenance: dimensions without an explicit SRD source in this row are real-world/art estimates, not SRD measurements"
Ring of Shooting Stars,magic item (Ring),4,4,-,,YES,,"Owner: ring ~4-8 px; Sizing provenance: dimensions without an explicit SRD source in this row are real-world/art estimates, not SRD measurements"
Ring of Spell Turning,magic item (Ring),4,4,-,,YES,,"Owner: ring ~4-8 px; Sizing provenance: dimensions without an explicit SRD source in this row are real-world/art estimates, not SRD measurements"
Ring of Swimming,magic item (Ring),4,4,-,,YES,,"Owner: ring ~4-8 px; Sizing provenance: dimensions without an explicit SRD source in this row are real-world/art estimates, not SRD measurements"
Ring of Telekinesis,magic item (Ring),4,4,-,,YES,,"Owner: ring ~4-8 px; Sizing provenance: dimensions without an explicit SRD source in this row are real-world/art estimates, not SRD measurements"
Ring of the Ram,magic item (Ring),4,4,-,,YES,,"Owner: ring ~4-8 px; Sizing provenance: dimensions without an explicit SRD source in this row are real-world/art estimates, not SRD measurements"
Robe of Eyes,magic item (Wondrous item),18,12,-,,YES,,"worn/carried item; Sizing provenance: dimensions without an explicit SRD source in this row are real-world/art estimates, not SRD measurements"
Ring of Three Wishes,magic item (Ring),4,4,-,,YES,,"Owner: ring ~4-8 px; Sizing provenance: dimensions without an explicit SRD source in this row are real-world/art estimates, not SRD measurements"
Robe of Scintillating Colors,magic item (Wondrous item),18,12,-,,YES,,"worn/carried item; Sizing provenance: dimensions without an explicit SRD source in this row are real-world/art estimates, not SRD measurements"
Ring of Warmth,magic item (Ring),4,4,-,,YES,,"Owner: ring ~4-8 px; Sizing provenance: dimensions without an explicit SRD source in this row are real-world/art estimates, not SRD measurements"
Ring of Water Walking,magic item (Ring),4,4,-,,YES,,"Owner: ring ~4-8 px; Sizing provenance: dimensions without an explicit SRD source in this row are real-world/art estimates, not SRD measurements"
Ring of X-ray Vision,magic item (Ring),4,4,-,,YES,,"Owner: ring ~4-8 px; Sizing provenance: dimensions without an explicit SRD source in this row are real-world/art estimates, not SRD measurements"
Robe of Stars,magic item (Wondrous item),18,12,-,,YES,,"worn/carried item; Sizing provenance: dimensions without an explicit SRD source in this row are real-world/art estimates, not SRD measurements"
Robe of the Archmagi,magic item (Wondrous item),18,12,-,,YES,,"worn/carried item; Sizing provenance: dimensions without an explicit SRD source in this row are real-world/art estimates, not SRD measurements"
Rod of Absorption,magic item (Rod),24,3,-,24,YES,2,"Sizing provenance: dimensions without an explicit SRD source in this row are real-world/art estimates, not SRD measurements"
Robe of Useful Items,magic item (Wondrous item),18,12,-,,YES,,"patches create: iron door 10x10 ft (96x120), 24-ft ladder (288), 12-ft rowboat (144x48), 2x4-ft window, silver coffer 1 ft, 10-ft pit (2x2); Sizing provenance: dimensions without an explicit SRD source in this row are real-world/art estimates, not SRD measurements"
Rod of Alertness,magic item (Rod),24,3,-,24,YES,2,"Sizing provenance: dimensions without an explicit SRD source in this row are real-world/art estimates, not SRD measurements"
Rod of Lordly Might,magic item (Rod),30,6,-,30,YES,2,"transforms: 6-ft haft (72 px), climbing pole up to 50 ft; Sizing provenance: dimensions without an explicit SRD source in this row are real-world/art estimates, not SRD measurements"
Rod of Rulership,magic item (Rod),24,3,-,24,YES,2,"Sizing provenance: dimensions without an explicit SRD source in this row are real-world/art estimates, not SRD measurements"
Rod of Security,magic item (Rod),24,3,-,24,YES,2,"Sizing provenance: dimensions without an explicit SRD source in this row are real-world/art estimates, not SRD measurements"
Rope of Entanglement,magic item (Wondrous item),12,6,-,,YES,3,"SRD: 30 ft, 3 lb; Sizing provenance: dimensions without an explicit SRD source in this row are real-world/art estimates, not SRD measurements"
Scarab of Protection,magic item (Wondrous item),4,4,-,,YES,,"worn/carried item; Sizing provenance: dimensions without an explicit SRD source in this row are real-world/art estimates, not SRD measurements"
Rope of Climbing,magic item (Wondrous item),12,6,-,,YES,3,"SRD: 60-ft silk rope, 3 lb; coiled sprite; Sizing provenance: dimensions without an explicit SRD source in this row are real-world/art estimates, not SRD measurements"
Scimitar of Speed,magic item (Weapon),36,8,-,36,YES,3,"uses base weapon sprite (scimitar); default shown = scimitar; Sizing provenance: dimensions without an explicit SRD source in this row are real-world/art estimates, not SRD measurements"
"Shield, +1, +2, or +3",magic item (Armor),24,30,-,30,YES,6,"shield sprite; Sizing provenance: dimensions without an explicit SRD source in this row are real-world/art estimates, not SRD measurements"
Shield of Missile Attraction,magic item (Armor),24,30,-,30,YES,6,"shield sprite; Sizing provenance: dimensions without an explicit SRD source in this row are real-world/art estimates, not SRD measurements"
Slippers of Spider Climbing,magic item (Wondrous item),10,6,-,,YES,,"worn/carried item; Sizing provenance: dimensions without an explicit SRD source in this row are real-world/art estimates, not SRD measurements"
Sovereign Glue,magic item (Wondrous item),3,4,-,,YES,,"tiny vessel; Sizing provenance: dimensions without an explicit SRD source in this row are real-world/art estimates, not SRD measurements"
Spellguard Shield,magic item (Armor),24,30,-,30,YES,6,"shield sprite; Sizing provenance: dimensions without an explicit SRD source in this row are real-world/art estimates, not SRD measurements"
Sphere of Annihilation,magic item (Wondrous item),24,24,1x1,,YES,,"SRD: 2-ft-diameter black sphere, hovers; Sizing provenance: dimensions without an explicit SRD source in this row are real-world/art estimates, not SRD measurements"
Staff of Fire,magic item (Staff),72,4,-,72,TILT,4,"held like quarterstaff; Sizing provenance: dimensions without an explicit SRD source in this row are real-world/art estimates, not SRD measurements"
Staff of Frost,magic item (Staff),72,4,-,72,TILT,4,"held like quarterstaff; Sizing provenance: dimensions without an explicit SRD source in this row are real-world/art estimates, not SRD measurements"
Staff of Charming,magic item (Staff),72,4,-,72,TILT,4,"held like quarterstaff; Sizing provenance: dimensions without an explicit SRD source in this row are real-world/art estimates, not SRD measurements"
Staff of Healing,magic item (Staff),72,4,-,72,TILT,4,"held like quarterstaff; Sizing provenance: dimensions without an explicit SRD source in this row are real-world/art estimates, not SRD measurements"
Staff of Power,magic item (Staff),72,4,-,72,TILT,4,"held like quarterstaff; Sizing provenance: dimensions without an explicit SRD source in this row are real-world/art estimates, not SRD measurements"
Staff of Swarming Insects,magic item (Staff),72,4,-,72,TILT,4,"held like quarterstaff; Sizing provenance: dimensions without an explicit SRD source in this row are real-world/art estimates, not SRD measurements"
Staff of the Magi,magic item (Staff),72,4,-,72,TILT,4,"held like quarterstaff; Sizing provenance: dimensions without an explicit SRD source in this row are real-world/art estimates, not SRD measurements"
Staff of Striking,magic item (Staff),72,4,-,72,TILT,4,"held like quarterstaff; Sizing provenance: dimensions without an explicit SRD source in this row are real-world/art estimates, not SRD measurements"
Staff of the Woodlands,magic item (Staff),72,4,-,72,TILT,4,"held like quarterstaff; Sizing provenance: dimensions without an explicit SRD source in this row are real-world/art estimates, not SRD measurements"
Staff of the Python,magic item (Staff),72,4,-,72,TILT,4,"held like quarterstaff; Sizing provenance: dimensions without an explicit SRD source in this row are real-world/art estimates, not SRD measurements"
Staff of Thunder and Lightning,magic item (Staff),72,4,-,72,TILT,4,"held like quarterstaff; Sizing provenance: dimensions without an explicit SRD source in this row are real-world/art estimates, not SRD measurements"
Sword of Life Stealing,magic item (Weapon),36,6,-,36,YES,3,"uses base weapon sprite (any sword); default shown = longsword; Sizing provenance: dimensions without an explicit SRD source in this row are real-world/art estimates, not SRD measurements"
Staff of Withering,magic item (Staff),72,4,-,72,TILT,4,"held like quarterstaff; Sizing provenance: dimensions without an explicit SRD source in this row are real-world/art estimates, not SRD measurements"
Stone of Controlling Earth Elementals,magic item (Wondrous item),6,6,-,,YES,5,"SRD weight 5 lb; Sizing provenance: dimensions without an explicit SRD source in this row are real-world/art estimates, not SRD measurements"
Stone of Good Luck (Luckstone),magic item (Wondrous item),3,3,-,,YES,,"worn/carried item; Sizing provenance: dimensions without an explicit SRD source in this row are real-world/art estimates, not SRD measurements"
Sword of Wounding,magic item (Weapon),36,6,-,36,YES,3,"uses base weapon sprite (any sword); default shown = longsword; Sizing provenance: dimensions without an explicit SRD source in this row are real-world/art estimates, not SRD measurements"
Sun Blade,magic item (Weapon),36,6,-,36,YES,3,"uses base weapon sprite (longsword); default shown = longsword; Sizing provenance: dimensions without an explicit SRD source in this row are real-world/art estimates, not SRD measurements"
Talisman of Pure Good,magic item (Wondrous item),4,6,-,,YES,,"worn/carried item; Sizing provenance: dimensions without an explicit SRD source in this row are real-world/art estimates, not SRD measurements"
Tome of Clear Thought,magic item (Wondrous item),10,12,-,,YES,5,"book; Sizing provenance: dimensions without an explicit SRD source in this row are real-world/art estimates, not SRD measurements"
Tome of Leadership and Influence,magic item (Wondrous item),10,12,-,,YES,5,"book; Sizing provenance: dimensions without an explicit SRD source in this row are real-world/art estimates, not SRD measurements"
Talisman of the Sphere,magic item (Wondrous item),4,6,-,,YES,,"worn/carried item; Sizing provenance: dimensions without an explicit SRD source in this row are real-world/art estimates, not SRD measurements"
Tome of Understanding,magic item (Wondrous item),10,12,-,,YES,5,"book; Sizing provenance: dimensions without an explicit SRD source in this row are real-world/art estimates, not SRD measurements"
Talisman of Ultimate Evil,magic item (Wondrous item),4,6,-,,YES,,"worn/carried item; Sizing provenance: dimensions without an explicit SRD source in this row are real-world/art estimates, not SRD measurements"
Trident of Fish Command,magic item (Weapon),60,10,-,60,TILT,4,"uses base weapon sprite (trident); default shown = trident; Sizing provenance: dimensions without an explicit SRD source in this row are real-world/art estimates, not SRD measurements"
Wand of Enemy Detection,magic item (Wand),12,2,-,12,YES,1,"Sizing provenance: dimensions without an explicit SRD source in this row are real-world/art estimates, not SRD measurements"
Universal Solvent,magic item (Wondrous item),3,4,-,,YES,,"tiny vessel; Sizing provenance: dimensions without an explicit SRD source in this row are real-world/art estimates, not SRD measurements"
Vicious Weapon,magic item (Weapon),36,6,-,36,YES,3,"uses base weapon sprite (any); default shown = longsword; Sizing provenance: dimensions without an explicit SRD source in this row are real-world/art estimates, not SRD measurements"
Wand of Fear,magic item (Wand),12,2,-,12,YES,1,"Sizing provenance: dimensions without an explicit SRD source in this row are real-world/art estimates, not SRD measurements"
Wand of Binding,magic item (Wand),12,2,-,12,YES,1,"Sizing provenance: dimensions without an explicit SRD source in this row are real-world/art estimates, not SRD measurements"
Wand of Fireballs,magic item (Wand),12,2,-,12,YES,1,"Sizing provenance: dimensions without an explicit SRD source in this row are real-world/art estimates, not SRD measurements"
Wand of Polymorph,magic item (Wand),12,2,-,12,YES,1,"Sizing provenance: dimensions without an explicit SRD source in this row are real-world/art estimates, not SRD measurements"
Wand of Lightning Bolts,magic item (Wand),12,2,-,12,YES,1,"Sizing provenance: dimensions without an explicit SRD source in this row are real-world/art estimates, not SRD measurements"
Wand of Secrets,magic item (Wand),12,2,-,12,YES,1,"Sizing provenance: dimensions without an explicit SRD source in this row are real-world/art estimates, not SRD measurements"
Wand of Magic Detection,magic item (Wand),12,2,-,12,YES,1,"Sizing provenance: dimensions without an explicit SRD source in this row are real-world/art estimates, not SRD measurements"
"Wand of the War Mage, +1, +2, or +3",magic item (Wand),12,2,-,12,YES,1,"Sizing provenance: dimensions without an explicit SRD source in this row are real-world/art estimates, not SRD measurements"
Wand of Magic Missiles,magic item (Wand),12,2,-,12,YES,1,"Sizing provenance: dimensions without an explicit SRD source in this row are real-world/art estimates, not SRD measurements"
Wand of Web,magic item (Wand),12,2,-,12,YES,1,"Sizing provenance: dimensions without an explicit SRD source in this row are real-world/art estimates, not SRD measurements"
Wand of Paralysis,magic item (Wand),12,2,-,12,YES,1,"Sizing provenance: dimensions without an explicit SRD source in this row are real-world/art estimates, not SRD measurements"
Wand of Wonder,magic item (Wand),12,2,-,12,YES,1,"Sizing provenance: dimensions without an explicit SRD source in this row are real-world/art estimates, not SRD measurements"
"Weapon, +1, +2, or +3",magic item (Weapon),36,6,-,36,YES,3,"uses base weapon sprite (any); default shown = longsword; Sizing provenance: dimensions without an explicit SRD source in this row are real-world/art estimates, not SRD measurements"
Well of Many Worlds,magic item (Wondrous item),6,6,-,,YES,,"SRD: handkerchief-size cloth; unfolds to 6-ft circle like Portable Hole; Sizing provenance: dimensions without an explicit SRD source in this row are real-world/art estimates, not SRD measurements"
Wind Fan,magic item (Wondrous item),8,8,-,,YES,,"Sizing provenance: dimensions without an explicit SRD source in this row are real-world/art estimates, not SRD measurements"
Winged Boots,magic item (Wondrous item),12,12,-,,YES,1,"worn/carried item; Sizing provenance: dimensions without an explicit SRD source in this row are real-world/art estimates, not SRD measurements"
Wings of Flying,magic item (Wondrous item),18,12,-,,YES,,"worn/carried item; Sizing provenance: dimensions without an explicit SRD source in this row are real-world/art estimates, not SRD measurements"
Orb of Dragonkind,magic item (Wondrous item),10,10,-,,YES,,"SRD: about 10 in diameter, grows to about 20 in when used; Sizing provenance: dimensions without an explicit SRD source in this row are real-world/art estimates, not SRD measurements"
Sword of Sharpness,magic item (Weapon),36,6,-,36,YES,3,"uses base weapon sprite (any sword that deals slashing damage); default shown = longsword; Sizing provenance: dimensions without an explicit SRD source in this row are real-world/art estimates, not SRD measurements"
Vorpal Sword,magic item (Weapon),36,6,-,36,YES,3,"uses base weapon sprite (any sword that deals slashing damage); default shown = longsword; Sizing provenance: dimensions without an explicit SRD source in this row are real-world/art estimates, not SRD measurements"
Carpet of Flying (3 ft x 5 ft),magic item (Wondrous item),36,48,1x1,,YES,,"SRD size table; ground lengths on 5-ft grid (~9.6 px/ft), rounded to 12; Sizing provenance: dimensions without an explicit SRD source in this row are real-world/art estimates, not SRD measurements"
Carpet of Flying (4 ft x 6 ft),magic item (Wondrous item),48,60,1x1 (overhangs),,TILT,,"SRD size table; ground lengths on 5-ft grid (~9.6 px/ft), rounded to 12; Sizing provenance: dimensions without an explicit SRD source in this row are real-world/art estimates, not SRD measurements"
Carpet of Flying (5 ft x 7 ft),magic item (Wondrous item),48,72,1x2,,TILT,,"SRD size table; ground lengths on 5-ft grid (~9.6 px/ft), rounded to 12; Sizing provenance: dimensions without an explicit SRD source in this row are real-world/art estimates, not SRD measurements"
Carpet of Flying (6 ft x 9 ft),magic item (Wondrous item),60,84,1x2 (overhangs),,TILT,,"SRD size table; ground lengths on 5-ft grid (~9.6 px/ft), rounded to 12; Sizing provenance: dimensions without an explicit SRD source in this row are real-world/art estimates, not SRD measurements"
Door (standard),object (Objects rules),48,96,1x1 (wall),,YES,,"Owner-fixed 48x96; Objects rules example; Sizing provenance: dimensions without an explicit SRD source in this row are real-world/art estimates, not SRD measurements"
Window (small),object (Objects rules),24,48,wall,,YES,,"Objects example; SRD Robe item: window 2x4 ft = 24x48; Sizing provenance: dimensions without an explicit SRD source in this row are real-world/art estimates, not SRD measurements"
"Window, 10 ft by 10 ft",object (Objects rules),96,120,2x1 (wall),,NO,,"SRD Object HP table: Large object example; Sizing provenance: dimensions without an explicit SRD source in this row are real-world/art estimates, not SRD measurements"
Sword (object),object (Objects rules),36,6,-,,YES,,"see Longsword; Sizing provenance: dimensions without an explicit SRD source in this row are real-world/art estimates, not SRD measurements"
Book (object),object (Objects rules),8,12,-,,YES,5,"see Book; Sizing provenance: dimensions without an explicit SRD source in this row are real-world/art estimates, not SRD measurements"
Table,object (Objects rules),72,48,2x1,,NO,,"Objects example; no SRD size; 6-ft table, 2.5 ft tall; Sizing provenance: dimensions without an explicit SRD source in this row are real-world/art estimates, not SRD measurements"
Chair,object (Objects rules),24,36,1x1,,YES,,"Objects example; no SRD size; Sizing provenance: dimensions without an explicit SRD source in this row are real-world/art estimates, not SRD measurements"
Stone (object),object (Objects rules),12,8,-,,YES,,"Objects example; Sizing provenance: dimensions without an explicit SRD source in this row are real-world/art estimates, not SRD measurements"
Bottle (object),object (Objects rules),4,12,-,,YES,2,"SRD Tiny object example; Sizing provenance: dimensions without an explicit SRD source in this row are real-world/art estimates, not SRD measurements"
Lock (object),object (Objects rules),3,4,-,,YES,1,"SRD Tiny object example; Sizing provenance: dimensions without an explicit SRD source in this row are real-world/art estimates, not SRD measurements"
Chest (object),object (Objects rules),36,24,1x1,,YES,25,"SRD Small object example; Sizing provenance: dimensions without an explicit SRD source in this row are real-world/art estimates, not SRD measurements"
Lute (object),object (Objects rules),30,12,-,,YES,2,"SRD Small object example; Sizing provenance: dimensions without an explicit SRD source in this row are real-world/art estimates, not SRD measurements"
Barrel (object),object (Objects rules),24,36,1x1,,YES,70,"SRD Medium object example; Sizing provenance: dimensions without an explicit SRD source in this row are real-world/art estimates, not SRD measurements"
Chandelier,object (Objects rules),48,36,1x1 (ceiling),,YES,,"SRD Medium object example; Sizing provenance: dimensions without an explicit SRD source in this row are real-world/art estimates, not SRD measurements"
Cart (object),object (Objects rules),96,72,2x1,,NO,200,"SRD Large object example; see Cart; Sizing provenance: dimensions without an explicit SRD source in this row are real-world/art estimates, not SRD measurements"
"Tapestry, Huge",object (Objects rules),144,144,3x1 (wall),,NO,,"SRD Huge object example; hung on wall; Sizing provenance: dimensions without an explicit SRD source in this row are real-world/art estimates, not SRD measurements"
Massive boulder,object (Objects rules),144,120,3x3,,NO,,"SRD Huge/Gargantuan object example; Sizing provenance: dimensions without an explicit SRD source in this row are real-world/art estimates, not SRD measurements"
Towering stone column,object (Objects rules),96,384,2x2,,NO,,"SRD Huge/Gargantuan object example; 4 z-levels; Sizing provenance: dimensions without an explicit SRD source in this row are real-world/art estimates, not SRD measurements"
Colossal statue / Gargantuan statue of a human,object (Objects rules),192,384,4x4,,NO,,"SRD Gargantuan object example; legs are Large sections; Sizing provenance: dimensions without an explicit SRD source in this row are real-world/art estimates, not SRD measurements"
Tiny object (generic),object (Objects rules),12,12,-,,YES,,"SRD size class, e.g. bottle, lock; Sizing provenance: dimensions without an explicit SRD source in this row are real-world/art estimates, not SRD measurements"
Small object (generic),object (Objects rules),36,24,1x1,,YES,,"e.g. chest, lute; Sizing provenance: dimensions without an explicit SRD source in this row are real-world/art estimates, not SRD measurements"
Medium object (generic),object (Objects rules),48,48,1x1,,YES,,"e.g. barrel, chandelier; Sizing provenance: dimensions without an explicit SRD source in this row are real-world/art estimates, not SRD measurements"
Large object (generic),object (Objects rules),96,96,2x2,,NO,,"e.g. cart, 10x10-ft window; Sizing provenance: dimensions without an explicit SRD source in this row are real-world/art estimates, not SRD measurements"
Huge object (generic),object (Objects rules),144,144,3x3,,NO,,"Sizing provenance: dimensions without an explicit SRD source in this row are real-world/art estimates, not SRD measurements"
Gargantuan object (generic),object (Objects rules),192,192,4x4,,NO,,"Sizing provenance: dimensions without an explicit SRD source in this row are real-world/art estimates, not SRD measurements"
Animated object (Tiny),object (Objects rules),12,12,1x1 (shared),,YES,,"Animate Objects spell table; Sizing provenance: dimensions without an explicit SRD source in this row are real-world/art estimates, not SRD measurements"
Animated object (Small),object (Objects rules),36,24,1x1,,YES,,"Sizing provenance: dimensions without an explicit SRD source in this row are real-world/art estimates, not SRD measurements"
Animated object (Medium),object (Objects rules),48,48,1x1,,YES,,"Sizing provenance: dimensions without an explicit SRD source in this row are real-world/art estimates, not SRD measurements"
Animated object (Large),object (Objects rules),96,96,2x2,,SQUEEZE,,"Sizing provenance: dimensions without an explicit SRD source in this row are real-world/art estimates, not SRD measurements"
Animated object (Huge),object (Objects rules),144,144,3x3,,NO,,"Sizing provenance: dimensions without an explicit SRD source in this row are real-world/art estimates, not SRD measurements"
